ich,I
sie,she
das,the
ist,is
du,you
nicht,not
die,the
es,it
und,and
der,the
wir,we
was,What
zu,to
er,he
ein,a
in,in
ja,Yes
mir,me
mit,with
wie,How
den,the
mich,me
auf,on
dass,that
aber,but
eine,one
so,so
hat,has
hier,here
haben,have
für,for
sind,are
war,was
von,from
wenn,if
dich,you
ihr,her
nein,no
habe,have
an,to
bin,am
noch,still
nur,only
da,there
dir,you
sich,itself
einen,a
uns,us
hast,have
dem,dem
kann,can
gut,good
auch,also
schon,already
als,as
sein,be
mal,just
jetzt,now
ihn,him
dann,then
aus,out of
meine,mine
um,to
im,in the
wird,becomes
mein,my
bist,are
doch,but
alles,everything
weiß,white
keine,no
oder,or
nach,after
s,s
nichts,nothing
man,one
muss,must
werden,become
will,wants
ihnen,them
geht,goes
wo,where
etwas,something
oh,Oh
mehr,more
bei,at
also,so
bitte,please
immer,always
hab,have
warum,Why
vor,before
los,go
können,can
wieder,again
sagen,say
machen,make
danke,Thanks
sehr,very
alle,all
denn,because
mann,man
tun,do
ihm,him
zum,for the
gehen,go
sehen,see
vielleicht,perhaps
einem,a
wer,who
ihre,her
diese,this
euch,you
einer,one
komm,come
über,above
gibt,gives
okay,OK
wissen,knowledge
deine,your
müssen,must
soll,should
werde,become
nie,never
wirklich,really
hey,hey
kein,no
viel,much
weg,away
würde,would
tut,does
am,on
des,of the
einfach,simply
leben,life
hatte,had
zeit,time
weil,because
willst,want
kommen,come
dein,your
heute,today
kommt,comes
wollen,want
damit,with it
ganz,quite
wäre,were
wollte,wanted
weißt,know
ok,OK
sicher,secure
gesagt,said
frau,woman
nun,so
bis,until
wurde,became
leid,sorrow
na,n/a
kannst,can
macht,might
dieser,this
zurück,back
lassen,let
hallo,Hello
meinen,mean
gott,God
seine,his
hätte,would have
zwei,two
könnte,could
genau,Exactly
waren,were
zur,to
lass,let
klar,clear
morgen,morning
leute,people
vater,father
schön,nice
glaube,believe
mr.,Mr.
ab,away
gerade,straight
tag,day
gesehen,seen
reden,talk
wohl,probably
liebe,love
sollte,should
sagte,said
unsere,our
jemand,someone
geld,money
durch,through
ob,whether
keinen,none
mutter,mother
raus,out
gemacht,made
paar,couple
mach,do
passiert,happened
dachte,thought
besser,better
musst,must
wieso,how come
sir,sir
dieses,this
selbst,himself
gehört,heard
möchte,want
ohne,without
hör,hear
her,here
sag,say
meiner,mine
anderen,others
helfen,help
nacht,night
finden,find
diesen,this
gute,good
wirst,will
lange,long
natürlich,naturally
ach,Oh
meinem,my
gar,even
ins,into the
sei,be
dort,there
weiter,further
geben,give
seit,since
gleich,even
sagt,says
recht,right
ihren,your
richtig,correct
ordnung,order
vom,from the
hören,hear
sieht,sees
davon,of that
dafür,for that
geh,go
diesem,this
wegen,because of
hause,home
sollten,should
mädchen,girl
hin,there
sollen,should
abend,evening
haus,a house
denke,think
viele,many
drei,three
deinen,your
freund,friend
guten,good
unser,our
warte,wait
machst,do
menschen,people
essen,eat
angst,fear
bleiben,remain
zusammen,together
welt,world
unter,under
habt,have
schnell,fast
andere,other
tot,dead
getan,did
darf,may
erst,first
rein,pure
stimmt,true
nehmen,take
kinder,children
eines,one
glauben,believe
bringen,bring
ganze,whole
genug,enough
scheiße,shit
brauchen,need
gegen,against
moment,moment
junge,boy
steht,stands
sonst,otherwise
musik,music
arbeit,work
seid,are
ihrer,their
fragen,questions
herr,Mr
dabei,included
heißt,is called
familie,family
warten,wait
niemand,no one
sofort,immediately
bevor,before
jahre,years
einmal,once
problem,problem
sohn,son
wann,When
brauche,need
fertig,complete
halt,stop
allein,alone
beim,at the
sprechen,speak
beide,both
gefunden,found
hatten,had
sache,matter
hilfe,help
verdammt,damned
ne,no
jeder,everyone
warst,were
gern,gladly
konnte,could
darüber,about it
halten,hold
siehst,see
verstehe,understand
jahren,years
kam,came
kind,child
wusste,knew
wahr,true
seinen,his
dazu,in addition
bruder,brother
daran,to it
ihrem,their
denken,think
könnten,could
dank,thanks to
würden,would
lieber,Dear
fall,case
deiner,your
sehe,see
egal,doesn't matter
kennen,know
deinem,your
vergessen,forget
frage,ask
mache,make
komme,come
sage,saw
mag,likes
sieh,see
echt,real
gib,give
eigentlich,actually
jeden,every
dad,dad
gab,gave
uhr,clock
stadt,city
männer,men
baby,baby
fahren,drive
namen,names
bekommen,receive
kopf,head
hi,hi
gehe,go
kleine,small
später,later
glück,happiness
letzte,last
freunde,friends
n,n
all,all
darauf,on it
ende,end
dr.,Dr.
bald,soon
töten,kill
dinge,things
meinst,mean
toll,great
eins,one
minuten,minutes
vielen,many
bereit,ready
weit,far
ahnung,idea
seiner,his
bisschen,a little
tür,door
auto,car
jungs,guys
eure,your
augen,eyes
polizei,police
stehen,stand
sterben,die
hätten,would have
draußen,outside
kenne,know
fast,almost
runter,down
vorbei,over
treffen,meet
gerne,gladly
dran,your turn
wurden,became
arbeiten,work
mom,mom
verrückt,crazy
neue,new
ging,went
hinter,behind
sorgen,care for
einzige,only
jemanden,someone
darum,therefore
tochter,daughter
braucht,needs
idee,idea
schwester,sister
drin,inside
ruhig,quiet
sah,saw
ganzen,entire
spät,late
ziemlich,quite
solltest,should
name,name
sogar,even
kurz,short
kerl,guy
frauen,women
liegt,lies
suchen,seek
finde,find
je,each
woher,from where
lang,long
job,job
keiner,none
seinem,his
hört,hears
verstehen,understand
spielen,play
s.,see
überhaupt,at all
teufel,devil
verstanden,understood
verloren,lost
große,size
hand,hand
grund,reason
jahr,year
kommst,come
mama,mama
ruhe,quiet
gewesen,been
tod,death
stunden,hours
hoffe,hope
denkst,think
oben,above
gestern,yesterday
versuchen,attempt
art,type
letzten,last
schatz,treasure
endlich,finally
he,he
nimm,take
etwa,approximately
erzählt,told
läuft,running
schwer,difficult
anders,different
miss,miss
musste,had to
fünf,five
wasser,water
lässt,lets
erste,first
versucht,tried
gekommen,came
geschichte,story
wenig,few
holen,fetch
bedeutet,means
nett,nice
wahrheit,truth
woche,week
bringt,brings
deshalb,for this reason
welche,which
bestimmt,certainly
hoch,high
alter,age
sagst,say
schau,look
ah,uh
land,country
zimmer,room
wagen,dare
vier,four
gefallen,fallen
spaß,fun
niemals,never
schuld,fault
getötet,killed
wollten,wanted
verlassen,leave
zeigen,show
beste,best
ernst,serious
unserer,our
denen,those
ort,location
bleibt,remains
würdest,would
manchmal,sometimes
glaubst,believe
seite,page
lasst,let
zwischen,between
eben,even
während,while
spiel,game
nehme,take
ersten,first
guter,goods
chance,chance
freundin,girlfriend
krieg,war
gefällt,pleases
kleinen,small
erzählen,tell
anderes,other
tage,days
entschuldigen,excuse
wichtig,important
gehst,go
allen,all
bett,bed
mrs.,Mrs.
sachen,things
the,the
schlecht,bad
schule,school
entschuldigung,excuse
wort,word
john,John
hättest,would have
wären,would be
typ,type
schlafen,sleep
äh,uh
tu,you
euer,your
captain,captain
gesicht,face
falls,if
neuen,new
bloß,just
unten,below
teil,part
beiden,both
mensch,person
kleiner,smaller
stellen,place
oft,often
sorge,worries
gedacht,thought
tust,do
trinken,drink
einige,some
dies,this
ding,thing
unseren,our
kriegen,get
blut,blood
ehrlich,honest
eltern,parents
scheint,appears
herz,heart
jack,Jack
glücklich,happy
alte,old
alt,old
bleib,stay
wiedersehen,see you again
frei,free
wen,who
drauf,on it
möglich,possible
irgendwie,somehow
reicht,suffices
fest,firmly
besten,best
waffe,weapon
kaum,barely
irgendwas,something
klingt,sounds
platz,place
brauchst,need
rede,speech
papa,papa
falsch,incorrect
sondern,rather
alten,old
nummer,number
früher,earlier
jungen,young
wohin,where
außer,except
früh,early
setzen,set
zuerst,first
wahrscheinlich,probably
dürfen,may
jede,every
arsch,ass
telefon,phone
tue,do
kennst,know
willkommen,welcome
plan,plan
großen,large
retten,save
hierher,here
wär,would be
bring,bring
fehler,mistake
wollt,want
dollar,dollar
zehn,ten
allem,everything
pass,passport
nächste,next
stunde,hour
hände,hands
gegeben,given
menge,crowd
langsam,slow
bereits,already
wartet,waits
sechs,six
lieben,love
meines,mine
büro,office
nächsten,next
gebe,give
wochen,weeks
ruf,call
schaffen,create
leider,unfortunately
scheiß,shit
hölle,hell
trotzdem,despite it
doktor,doctor
tja,well
new,new
voll,full
film,film
überall,everywhere
hund,dog
geworden,become
direkt,direct
wolltest,wanted
tat,did
denkt,thinks
schiff,ship
neues,new
wem,whom
könig,king
danach,thereafter
funktioniert,functions
hattest,had
lernen,learn
deswegen,because of this
wow,Wow
nennen,to name
hm,Hm
feuer,fire
laufen,run
alleine,alone
erinnern,remember
völlig,fully
kleines,small
könnt,can
stelle,position
kumpel,buddy
verlieren,lose
probleme,problems
spricht,speaks
kaffee,coffee
luft,air
fand,found
i,i
entschuldige,sorry
ziehen,pull
verschwinden,disappear
könntest,could
seht,see
aufhören,stop
eigenen,own
richtige,correct
unserem,our
suche,search
zwar,that is
groß,large
hol,get
buch,book
krank,sick
fühle,feel
jedes,each
verstehst,understand
wert,value
arzt,physician
froh,glad
versuche,try
straße,street
rufen,call
heiraten,marry
super,super
sam,sam
lebt,lives
gutes,good
lasse,let
onkel,uncle
total,total
gebracht,brought
party,party
erklären,explain
spielt,plays
wahl,choice
vertrauen,trust
damals,at that time
tagen,meetings
leicht,light
nachdem,after
gegangen,gone
gefühl,feeling
kaufen,buy
geschafft,done
typen,types
interessiert,interested
möchten,want
halte,hold
hält,holds
glaub,believe
irgendwo,somewhere
stück,piece
genauso,just as
kennt,knows
genommen,taken
zukunft,future
weniger,fewer
cool,cool
licht,light
getroffen,met
himmel,heaven
nachricht,news
drüben,over
passt,fits
sagten,said
kümmern,take care
laut,loud
vergiss,forget
angerufen,called
sitzen,sit
daß,that
erde,earth
großer,large
schlüssel,key
rest,rest
passieren,happen
eher,rather
gefragt,asked
gefängnis,jail
opfer,victim
körper,body
solche,such
mist,crap
mr,Mr.
findet,finds
schreiben,write
böse,evil
gesprochen,spoken
versuch,attempt
vorstellen,introduce
wovon,of which
sobald,as soon as
nochmal,again
herren,gentlemen
sex,sex
waffen,weapons
wohnung,apartment
weh,sore
heißen,be called
krankenhaus,hospital
bringe,bring
höre,hear
millionen,millions
klasse,class
hart,hard
worden,been
sinn,sense
außerdem,aside from that
verletzt,injured
ändern,change
erfahren,experience
tragen,carry
wenigstens,at least
vorsichtig,cautious
daddy,daddy
stolz,proud
stark,strong
fällt,falls
möchtest,want
leuten,people
besonders,particularly
schöne,beautiful
schicken,send
person,person
schätze,appreciate
solange,as long as
länger,longer
großartig,great
lacht,laughs
anrufen,call
stand,stand
redest,talking
fühlen,feel
erwartet,expected
boden,floor
boss,boss
stimme,agree
glaubt,believes
still,quiet
sicherheit,security
setz,set
ma,ma
mund,mouth
kämpfen,battle
wisst,know
lachen,laugh
hörst,hear
zeug,things
lustig,funny
umbringen,kill
sollst,should
hasse,hate
schlimm,terrible
o,O
unglaublich,incredible
wärst,would be
laden,load
führen,lead
gestorben,died
schauen,look
meinung,opinion
lesen,read
mörder,murderer
frank,frank
ähm,um
geschehen,happen
geschäft,business
idiot,idiot
verzeihung,forgiveness
fliegen,fly
zeig,show
team,team
general,general
mike,Mike
aufs,on the
york,York
vorher,previously
schluss,ending
schneller,faster
liebt,loves
verdient,earned
mögen,like
meisten,most
denk,think
umgebracht,killed
perfekt,perfect
versprochen,promised
handy,cell phone
hinten,rear
monate,months
erinnere,remember
acht,eight
arbeitet,works
fallen,fall
rufe,call
nötig,necessary
a,a
mord,murder
heraus,out of here
tages,daily
unmöglich,impossible
liebling,darling
charlie,Charlie
tatsächlich,actually
folgen,consequences
bitten,ask
behalten,keep
nähe,vicinity
arbeite,work
joe,Joe
verdammte,damned
plötzlich,suddenly
lebens,life
hole,hole
tisch,table
michael,Michael
hörte,heard
jemals,ever
liegen,lay
verkaufen,sell
gefährlich,dangerous
anfangen,begin
bekommt,receives
machte,made
ha,Ha
hotel,hotel
hilft,helps
werdet,will
meister,master
kampf,battle
antwort,answer
konnten,could
geschickt,sent
jedem,everyone
obwohl,although
sieben,seven
komisch,funny
gewinnen,win
ihres,their
bezahlt,paid
you,you
voller,full
unterwegs,on the way
dumm,dumb
ärger,aggravation
bild,picture
george,George
neu,new
bezahlen,pay
dagegen,against it
seien,be
starb,died
tom,Tom
monaten,months
leiche,corpse
niemanden,no one
auge,eye
arschloch,asshole
verheiratet,married
peter,Peter
zieh,pull
nimmt,takes
gerettet,saved
agent,agent
traum,dream
entscheidung,decision
schlimmer,worse
regeln,regulate
fenster,window
fangen,catch
fort,continued
ständig,constant
findest,find
gefahr,danger
absolut,absolutely
mary,Mary
augenblick,moment
bescheid,notice
rum,rum
gedanken,thoughts
werd,will
ziel,goal
benutzt,used
bewegung,movement
jemandem,someone
wünschte,wished
worte,words
kamen,came
welcher,which
zahlen,pay
anfang,beginning
legen,place
erinnerst,remember
anwalt,attorney
fahr,drive
sitzt,sits
hilf,help
offen,open
schönen,beautiful
monsieur,gentleman
müsste,should
arme,poor
bier,beer
fürs,for the
partner,partner
klein,small
david,David
klappe,flap
süß,sweet
herum,around
finger,finger
ehe,before
rolle,role
ließ,let
gleiche,same
monat,month
hochzeit,wedding
max,max
führt,leads
paris,Paris
wach,awake
wozu,for what reason
arm,arm
geschrieben,written
chef,boss
benutzen,use
informationen,information
erledigt,completed
hoffentlich,hopefully
müsst,must
fühlt,feels
tanzen,dance
ansehen,view
darfst,may
zuhause,at home
wunderbar,wonderful
hältst,hold
reise,trip
gewonnen,won
dame,lady
irgendwann,sometime
chffffff,chffffff
alex,alex
steckt,stuck
jedenfalls,anyway
schreit,screams
tolle,great
rüber,over
tschüss,bye
nennt,calls
raum,space
heiß,hot
foto,photo
kalt,cold
paul,Paul
irgendetwas,anything
weile,while
bisher,until now
minute,minute
unbedingt,absolutely
zug,train
sekunden,seconds
wofür,for what
erzähl,tell
nen,nen
beweise,proofs
nahm,took
aller,all
freut,happy
seele,soul
schießen,shoot
müde,tired
dauert,lasts
magst,like
harry,Harry
brief,letter
gelernt,learned
sucht,seeks
bekannt,known
weitere,more
unfall,accident
dahin,there
kontrolle,control
beispiel,example
lady,lady
dasselbe,the same
herzen,hearts
schlagen,hit
wütend,angry
weise,way
damen,ladies
darin,in it
gottes,God's
holt,gets
fehlt,missing
vorsicht,caution
heiße,hot
beweisen,prove
gehabt,had
zumindest,at least
vermisst,missing
hübsch,pretty
kriegt,gets
verbindung,connection
tief,deep
richtung,direction
lage,location
sowieso,anyway
kraft,power
normal,normal
lauf,run
ehre,honor
stell,set
geschenk,gift
bar,bear
tasche,bag
gelesen,read
gekauft,bought
wussten,knew
gestohlen,stolen
hunger,hunger
leg,leg
lügen,lie
beziehung,relationship
ben,ben
verschwunden,disappeared
steh,stand
nächstes,next
gearbeitet,worked
preis,price
witz,joke
meinte,said
liste,list
geist,spirit
neben,next to
gesucht,wanted
firma,company
süße,sweetness
rücken,back
schrecklich,terrible
letzter,last
verliebt,in love
öffnen,open
redet,talks
boot,boat
seltsam,strange
versteckt,hidden
fürchte,fear
verschwinde,disappear
erwischt,caught
verkauft,sold
tante,aunt
erwarten,expect
pferd,horse
wunder,wonder
sauer,sour
vermutlich,allegedly
näher,closer
major,major
jung,young
majestät,majesty
aussehen,look
ans,to
de,de
and,and
links,left
großes,large
welches,which
beschützen,protect
geboren,born
erreichen,to reach
punkt,point
kindern,children
kirche,church
verraten,betrayed
selber,himself
befehl,command
colonel,colonel
fährt,drives
zieht,pulls
geburtstag,birthday
haut,skin
wette,bet
reich,rich
sekunde,second
fahre,drive
schwöre,swear
geredet,talked
james,James
madame,Madam
eigene,own
zeiten,times
traurig,sad
anruf,call
nachrichten,news
frieden,peace
karte,map
güte,quality
euren,your
diesmal,this time
schade,too bad
persönlich,personal
kriege,wars
stirbt,dies
bleibe,stay
verändert,changed
sonne,sun
lieb,dear
nämlich,namely
letztes,last
bekam,got
ruft,calls
professor,professor
gericht,court
nase,nose
ewig,forever
singen,sing
bank,bank
beschäftigt,busy
computer,computer
yeah,yeah
toten,kill
weihnachten,Christmas
offensichtlich,apparently
naja,Oh well
henry,Henry
gefühle,feelings
fuß,foot
show,show
überraschung,surprise
geheimnis,secret
fbi,FBI
kontakt,contact
gold,gold
drogen,drugs
regierung,government
wein,wine
kriegst,get
ermordet,murdered
fotos,photos
entfernt,removed
geschlafen,slept
manche,some
erledigen,complete
ran,ran
gegenüber,opposite
schlaf,sleep
lust,desire
wunderschön,beautiful
witzig,funny
nick,Nick
zerstört,destroyed
übrigens,by the way
willen,sake
heim,home
richtigen,correct
deines,yours
namens,called
zeigt,shows
geliebt,loved
gehören,belong
brachte,brought
herrn,Mr.
blick,view
besuch,visit
schlechte,bad
bewegen,move
haare,hair
antworten,answer
präsident,president
sagtest,said
hoffnung,hope
stecken,put
lebe,live
rechts,right
interessant,interesting
entscheiden,decide
miteinander,each other
meint,thinks
liebst,love
indem,by
bleibst,stay
kümmere,take care
wohnen,reside
weder,neither
möglichkeit,possibility
kaputt,broken
bekomme,get
flugzeug,airplane
vergangenheit,past
anderer,other
zweite,second
armee,army
jim,Jim
tee,tea
entweder,either
weiss,white
don,Don
detective,detective
aufhalten,stop
stellt,represents
verspreche,promise
überrascht,surprised
sauber,clean
hau,hit
mark,mark
schlag,blow
sheriff,sheriff
untertitel,subtitles
setzt,sets
frag,ask
vaters,father's
nervös,nervous
gesellschaft,company
verstecken,hide
schuldig,guilty
hals,neck
schützen,protect
besuchen,visit
of,of
passen,fit
überleben,survive
erhalten,receive
teilen,split
gebäude,building
schicksal,fate
zeichen,sign
richter,judge
besorgt,worried
küche,kitchen
lief,ran
vergnügen,enjoyment
wüsste,would know
volk,people
lhr,Your
herausfinden,find out
königin,queen
soldaten,soldiers
feiern,celebrate
situation,situation
lag,lay
gelassen,calm
allerdings,however
soweit,as far as
gefahren,driven
verstand,mind
bord,board
schönes,beautiful
jimmy,Jimmy
billy,Billy
angefangen,begun
lee,lee
fühlst,feel
bob,bob
mussten,had to
rat,council
worauf,what
gebeten,asked
tony,Tony
kamera,camera
achtung,danger
lieutenant,lieutenant
ganzes,whole
schuhe,shoes
sarah,Sarah
glückwunsch,congratulations
niemandem,no one
gibst,give
statt,instead of
übernehmen,take over
gegend,area
wald,forest
al,al
la,la
nimmst,take
danny,Danny
erkennen,recognize
glas,glass
falsche,false
verantwortlich,responsible
jesus,Jesus
stöhnt,moans
herein,in
kleid,a dress
zerstören,destroy
jawohl,yes indeed
london,London
gegessen,eaten
abendessen,dinner
gesetz,law
gemeinsam,together
geholfen,helped
erster,first
wohnt,lives
schritt,step
guck,look
nahe,vicinity
aussieht,looks like
beginnen,start
dachten,thought
band,band
ungefähr,approximately
aufgabe,task
neun,nine
furchtbar,terrible
drinnen,inside
zuvor,before
charles,Charles
freue,am happy
amerika,America
übrig,left over
spur,track
falschen,false
sergeant,sergeant
melden,report
helfe,help
werfen,throw
bill,bill
haltet,hold
erinnert,remembers
hängt,hangs
freude,joy
ehemann,husband
erschossen,shot
verzeihen,pardon
schwein,pig
uh,uh
monster,monster
entschieden,decided
mission,mission
verdammten,damned
brauch,need
gewusst,known
vorne,in front
stopp,stop
übel,bad
schlampe,slut
schöner,more beautiful
adresse,address
unsinn,nonsense
messer,knife
gesund,healthy
respekt,respect
pro,per
leisten,afford
davor,before
richard,Richard
bedeuten,mean
ball,ball
mitnehmen,take along
gespielt,played
to,to
schwierigkeiten,difficulties
hälfte,half
kannte,knew
stehe,stand
maria,Mary
planeten,planets
schwanger,pregnant
gruppe,group
anna,Anna
verhaftet,arrested
deal,deal
seines,his
irgendwelche,any
händen,hands
versteht,understands
drehen,turn
eis,ice
danken,thank
erfolg,success
zufrieden,satisfied
schließen,close
besorgen,obtain
wochenende,weekend
worüber,about what
stimmen,voices
nehmt,take
martin,Martin
m,m
witze,jokes
beine,legs
verbrechen,crime
bericht,report
nachts,at night
eurer,your
prinzessin,princess
schmerz,pain
klingelt,rings
position,position
echte,real
gleichen,same
fernsehen,TV
wünsche,wishes
schließlich,finally
gefangen,caught
schätzchen,baby
seh,see
schwierig,difficult
angebot,offer
nah,close
jane,Jane
gewartet,waited
kümmert,cares
ring,ring
rennen,run
lied,song
eier,eggs
welchen,which
sorry,sorry
fantastisch,fantastic
schaut,looks
hielt,held
falle,trap
drink,drink
insel,island
dauern,last
daher,therefore
zufällig,randomly
dorf,village
clark,Clark
bewegt,moved
mitten,middle
bullen,bulls
feind,enemy
einverstanden,agreed
neuer,newer
bauen,build
trägt,carries
hängen,hang
freunden,friends
deren,whose
halb,half
verpasst,missed
sprach,spoke
leise,quiet
armen,poor
wusstest,knew
fanden,found
unternehmen,company
träume,dreams
schläft,sleeps
kostet,costs
spiele,games
unseres,our
entlang,along
johnny,Johnny
versprechen,promise
tiere,animals
freiheit,freedom
verdienen,earn
aha,Aha
unterhalten,entertain
eingeladen,invited
schaden,damage
genannt,called
beenden,finish
ray,ray
geändert,changed
thomas,Thomas
lächerlich,ridiculous
geschlagen,beaten
park,park
schätzen,treasure
männern,men
t,t
beginnt,begins
ehren,honor
größte,largest
energie,energy
fleisch,meat
besonderes,special
besteht,consists
reichen,are sufficient
robert,Robert
zeitung,newspaper
worum,what
nachgedacht,thought about
betrunken,drunk
sowas,like this
patienten,patients
gespräch,conversation
leiden,suffer
taxi,taxi
tötet,kills
see,lake
unterschied,difference
wind,wind
singt,sings
schreien,scream
daniel,Daniel
sahen,saw
wand,wall
bus,bus
lhre,Your
angriff,attack
verhalten,behave
loch,hole
interesse,interest
treten,step
quatsch,nonsense
trifft,meets
polizist,policeman
blumen,flowers
neuigkeiten,news
bringst,bring
flasche,bottle
rief,called
schuss,shot
fassen,grasp
meer,sea
konntest,could
schafft,creates
maschine,machine
spreche,speak
bein,leg
eddie,Eddie
bekommst,get
verbringen,spend
bücher,books
blöd,stupid
frühstück,breakfast
tommy,Tommy
meter,meter
bilder,pictures
aufpassen,watch out
claire,Claire
dessen,whose
muß,must
freuen,be happy
engel,angel
offenbar,apparently
gelegenheit,opportunity
fang,catch
lüge,lie
ohren,ears
au,ouch
angetan,impressed
beeil,hurry
brechen,break
brüder,brothers
zeitpunkt,time
keinem,no one
ecke,corner
brücke,bridge
druck,pressure
mitgebracht,brought along
seufzt,sighs
date,date
haufen,heap
oma,granny
auftrag,order
leer,empty
entkommen,escape
bobby,Bobby
weißen,white
lösung,solution
wart,wait
pause,pause
irre,crazy
gestellt,placed
keller,cellar
gebrochen,broken
weinen,cry
nutzen,to use
wünschen,wish
fragt,asks
maul,mouth
verantwortung,responsibility
schloss,lock
hut,hat
lächeln,smile
ryan,Ryan
red,red
grad,degree
zweiten,second
hinaus,beyond
mitkommen,come along
vorhin,earlier
fahrt,drive
gemeint,meant
ernsthaft,seriously
gebaut,built
bombe,bomb
hasst,hates
versteh,understand
kosten,cost
zeige,show
traf,met
eigenes,own
haar,hair
fragte,asked
jason,Jason
operation,operation
befehle,commands
schmerzen,pains
erklärt,explained
steve,Steve
dach,roof
folge,consequence
gelaufen,run
schwarze,black
dankbar,thankful
gehirn,brain
töte,kill
mädels,girls
mut,courage
heilige,holy
laura,Laura
tier,animal
system,system
mannes,man's
wahnsinn,craziness
nee,no
rose,rose
club,club
geschlossen,closed
hintern,butt
is,is
thema,theme
fiel,fell
gehalten,held
dorthin,there
urlaub,vacation
steig,climb
vorwärts,forward
überprüfen,check
besseres,better
beweis,proof
baum,tree
gebt,give
funktionieren,function
anscheinend,apparently
lehrer,teacher
hoffen,hope
bessere,better
isst,eats
nachmittag,afternoon
nem,nem
risiko,risk
chuck,Chuck
knast,prison
entschuldigt,excused
gilt,applies
held,hero
daraus,from it
erstes,first
fräulein,miss
rachel,Rachel
prima,great
brauchte,needed
gewalt,force
dean,dean
liebes,Dear
schaffst,create
nachdenken,ponder
tor,goal
erfahrung,experience
pläne,plans
jagen,hunting
katze,cat
runde,round
deutsche,German
schwanz,tail
taten,did
lord,lord
dringend,urgent
commander,commander
großvater,grandfather
sommer,summer
gezeigt,shown
hinterlassen,leave behind
gewissen,conscience
getrunken,drunk
wahre,true
luke,hatch
kunden,customers
kate,Kate
zeugen,witness
geplant,planned
amanda,Amanda
erreicht,reached
stören,disturb
stein,stone
atmen,breathe
hose,pants
weiße,white
sprichst,speak
größer,larger
schickt,sends
city,City
prinz,prince
behandelt,treated
tote,dead
überlegen,superior
karten,cards
it,it
d,d
restaurant,restaurant
welchem,which
roger,Roger
natur,nature
carter,Carter
emily,Emily
mami,mommy
verschwindet,disappears
lautet,is
streit,dispute
küssen,kiss
sprich,speak
längst,long ago
fängt,catches
drüber,over it
gingen,went
erlaubt,allowed
einzigen,only
bad,bathroom
schmeckt,tastes
kugel,bullet
normalerweise,normally
schwarzen,black
rauf,up
flug,flight
beruhigen,calm
walter,Walter
halbe,half
dan,Dan
geschieht,happens
einiges,some
entdeckt,discovered
morgens,morning
schlechter,worse
vollkommen,completely
gelogen,lied
verfolgt,pursued
college,college
weiteren,further
chris,Chris
louis,Louis
eh,eh
schwert,sword
hunde,dogs
steigen,climb
verdammter,damned
dürfte,should
riecht,smells
labor,laboratory
bat,asked
tim,tim
arthur,Arthur
mindestens,at least
fisch,fish
eurem,your
füße,feet
stehst,stand
erschießen,shoot
kuchen,cake
versuchte,tried
zustand,condition
wunsch,wish
gäste,guests
erwähnt,mentioned
farbe,color
van,van
einigen,some
zufall,coincidence
garten,garden
junger,younger
autos,cars
abgesehen,apart
fair,fair
vertraut,trusted
koffer,suitcase
hieß,was called
kurs,course
wirkt,works
idioten,idiots
netter,nicer
seitdem,since
angegriffen,attacked
geschichten,stories
wahnsinnig,insane
ähnlich,similar
lily,lily
aufgeben,give up
england,England
entführt,kidnapped
ms.,ms.
mistkerl,bastard
solchen,such
ner,ner
geschossen,shot
lager,warehouse
besprechen,discuss
reihe,row
polizisten,police officers
vogel,bird
legt,lays
strand,beach
amerikaner,American
schwarz,black
fern,remote
fick,fuck
scherz,joke
san,san
erzählte,told
wichser,wanker
jake,Jake
langweilig,boring
womit,with which
geschäfte,shops
my,my
kapiert,got it
nachher,afterward
verlangt,required
schlägt,beats
überzeugt,convinced
irgendjemand,anyone
rot,red
soldat,soldier
vorbereitet,prepared
geschah,happened
reisen,travel
termin,appointment
gang,gang
stehlen,steal
rechte,right
rache,revenge
bemerkt,noticed
frankreich,France
stört,bothers
radio,radio
beruhige,calm down
pferde,horses
vertrag,contract
arbeitest,work
dienst,service
zählt,counts
fragst,ask
wesen,being
bürgermeister,mayor
emma,Emma
fluss,flow
woran,what
geblieben,remained
durcheinander,mixed up
me,me
ted,ted
nette,nice
test,test
mister,mister
dadurch,through this
direktor,director
wichtiger,more important
kevin,Kevin
scott,Scott
karriere,career
akte,file
erinnerung,memory
großmutter,grandmother
erzähle,tell
lösen,solve
bravo,Bravo
griff,handle
verfolgen,track
zweifel,doubt
such,search
sprache,language
nerven,annoy
officer,officer
andy,Andy
langer,long
ziehe,pull
entlassen,dismissed
zweimal,twice
abholen,pick up
washington,Washington
kollegen,colleagues
doc,doc
fass,barrel
szene,scene
robin,robin
scheinen,seem
bösen,evil
schaffe,create
pflicht,duty
wache,guard
neulich,recently
beeilen,hurry up
knie,knee
alice,Alice
lauter,louder
spannende,exciting
unschuldig,innocent
folgt,follows
schutz,protection
weshalb,for what reason
geheiratet,married
woanders,elsewhere
wurdest,were
kuss,kiss
verhindern,impede
erklärung,explanation
video,video
rom,Rome
klug,smart
kräfte,forces
verlangen,demand
außerhalb,outside
opa,grandpa
selbstverständlich,of course
aufstehen,stand up
hassen,hate
pete,pete
gebrauchen,use
geglaubt,believed
milch,milk
trink,drink
gefeuert,fired
erinnerungen,memories
müssten,would have to
suchst,looking for
fährst,drive
kochen,cook
schwach,weak
schreibt,writes
schulden,debts
hinein,into
simon,Simon
grenze,border
braut,bride
gebraucht,needed
peinlich,awkward
klappt,works
geheimnisse,secrets
joey,joey
aufmerksamkeit,attention
form,form
umsonst,for free
kennenzulernen,to get to know
überlebt,survived
nirgendwo,nowhere
meilen,miles
einfacher,easier
blöde,stupid
mond,moon
ergibt,results
daten,data
merken,remember
schande,shame
fuck,fuck
fühlte,felt
jenny,Jenny
sieg,victory
satt,full
blödsinn,nonsense
adam,Adam
lisa,Lisa
pfund,pound
handeln,act
lois,lois
enden,end
warm,warm
raten,guess
übersetzung,translation
kunst,art
kapitän,captain
desto,the more
einsatz,mission
schweigen,be silent
krankheit,illness
toller,great
schatten,shadow
wachen,wake
tatsache,fact
eric,Eric
stock,stock
chief,chief
hingehen,go there
verboten,forbidden
gäbe,would exist
anzug,men's suit
leichen,corpses
high,high
beendet,finished
freitag,Friday
million,million
verflucht,cursed
dunkel,dark
geb,born
enttäuscht,disappointed
klopfen,knock
spuren,sense
dreck,dirt
seiten,pages
mühe,effort
gezogen,pulled
brian,Brian
kontrollieren,control
knochen,bone
schick,chic
getrennt,separated
programm,program
grab,grave
ebenso,as well
trage,wear
nachbarn,neighbors
bieten,offer
bestes,best
elizabeth,Elizabeth
fuhr,drove
verlässt,leaves
freundlich,friendly
dennoch,nonetheless
rauchen,smoke
dick,thick
stuhl,chair
dreh,turn
bester,best
schicke,chic
vergeben,forgive
ausgehen,go out
behandeln,treat
trotz,despite
gast,guest
ändert,changes
passierte,happened
toilette,toilet
annehmen,assume
herzlichen,cordial
hexe,witch
erwachsen,adult
jerry,Jerry
pistole,gun
saß,sat
dreht,turns
aussage,expression
liebte,loved
street,street
genießen,enjoy
eifersüchtig,jealous
derjenige,the one
teuer,expensive
leo,Leo
zähne,teeth
beobachtet,observed
gentlemen,gentlemen
wählen,choose
helft,help
fliegt,flies
theater,theater
regen,rain
feinde,enemies
william,William
erlauben,allow
zulassen,allow
schnappen,grab
komplett,completely
panik,panic
flughafen,airport
bewusst,consciously
deutschen,German
voraus,in advance
sterbe,die
solltet,should
begleiten,accompany
einander,each other
fred,Fred
erlebt,experienced
weiterhin,furthermore
stärker,stronger
fahrer,driver
konzentrieren,focus
streiten,argue
angeht,concerning
selben,same
star,star
überzeugen,convince
alkohol,alcohol
übersetzt,translated
verrückte,crazy
lch,l
king,king
begann,began
angenommen,assumed
weitermachen,continue
echter,real
jackson,Jackson
post,post
mitgenommen,taken away
botschaft,message
ideen,ideas
fehlen,miss
aufgeregt,upset
selbstmord,suicide
dumme,stupid
zurückkommen,come back
irgendein,any
magie,magic
phil,phil
schlage,hit
handelt,acts
treffe,meet
untersuchen,investigate
flucht,escape
verliert,loses
irgendeine,any
gegenteil,opposite
betrifft,regards
scharf,sharp
gehofft,hoped
kennengelernt,met
schlimmste,worst
projekt,project
trottel,idiot
immerhin,anyway
mehrere,several
erwarte,expect
mochte,want
schwimmen,to swim
zählen,to count
innerhalb,within
matt,frosted
blind,blind
schwestern,sisters
code,code
alan,Alan
schlau,clever
absicht,intention
barry,Barry
spielst,play
zuletzt,last
oliver,Oliver
art.,art.
englisch,English
ohr,ear
verletzen,injure
song,song
schüler,pupils
schien,seemed
gewinnt,wins
älter,older
merkwürdig,unusual
judy,Judy
vermisse,miss
größe,size
tritt,occurs
trauen,trust
präsidenten,presidents
trick,trick
harvey,Harvey
doug,Doug
roten,redden
überlegt,considered
größten,largest
sonntag,Sunday
zwölf,twelve
vorstellung,performance
schrieb,wrote
reinkommen,come in
killer,killer
unterstützung,support
antun,do to
rechnung,invoice
dieselbe,the same
verändern,change
möglicherweise,possibly
definitiv,definitely
locker,loose
ed,ed
vincent,Vincent
ums,about
abends,at evening
frisch,fresh
kohle,money
fing,caught
hure,whore
cousin,cousin
familien,families
einsam,lonely
lebendig,lively
heiligen,holy
knapp,meager
ebenfalls,also
überprüft,checked
artikel,article
gesetzt,set
jederzeit,anytime
kompliziert,complicated
spüren,sense
signal,signal
amy,Amy
stich,engraving
kino,cinema
probieren,try out
tode,death
wundervoll,wonderful
tanz,dance
geöffnet,open
kerle,guys
begraben,buried
prozent,percent
stoppen,stop
hoheit,sovereignty
riesen,giant
rote,redness
zugang,access
liest,reads
vorn,front
wichtige,important
aufmachen,open up
kelly,Kelly
sexy,sexy
erlaubnis,permission
grace,grace
big,big
story,story
madam,madam
leichter,lighter
halben,half
filme,films
priester,priest
herauszufinden,to find out
packen,pack
dritte,third
inzwischen,in the meantime
larry,Larry
presse,press
sitze,seats
machten,made
geklaut,stolen
helden,heroes
susan,Susan
geduld,patience
bühne,stage
reparieren,repair
hä,hey
usa,USA
gerechtigkeit,justice
fälle,cases
selten,rarely
anrufe,calls
unterschreiben,sign
julia,Julia
drücken,press
mrs,Mrs.
lügner,liar
endet,ends
dave,Dave
medizin,medicine
schreibe,write
verhaften,arrest
prozess,process
samstag,Saturday
amen,Amen
motor,motor
marie,Marie
abhauen,run away
chaos,chaos
schönheit,beauty
beinahe,almost
lebst,live
tolles,great
anhalten,stop
fremden,strangers
hof,courtyard
akzeptieren,accept
norden,north
ärzte,doctors
anziehen,put on 
dingen,things
umgehen,evade
bauch,belly
gesamte,entire
hübsche,pretty
ertragen,bear
kiste,box
brennt,burns
teile,parts
deckung,cover
landen,land
berg,mountain
straßen,streets
aufgenommen,recorded
gerufen,called
untersuchung,investigation
alarm,alarm
blieb,remained
vertraue,trust
extra,extra
entspann,relax
beobachten,observe
eindruck,impression
tschüs,bye
babys,babies
wehtun,hurt
zog,pulled
iss,iss
herrgott,lord
echten,real
springen,jump
nackt,naked
existiert,exists
befreien,free
gerät,device
montag,Monday
gezwungen,forced
perfekte,perfect
erzählst,tell
bastard,bastard
interessieren,interested
schlechten,bad
hank,Hank
steigt,rises
st.,St.
on,on
carl,Carl
gekriegt,got
fliehen,flee
trug,wore
freundschaft,friendship
rate,rate
papiere,papers
abgeschlossen,completed
schnauze,snout
beruf,profession
gebiet,area
jeff,Jeff
jedoch,however
beten,pray
verbunden,tied together
sprachen,languages
verräter,traitor
wichtigste,most important
prost,cheers
brust,breast
aufgehört,stopped
kleider,dresses
jacke,jacket
bestellt,ordered
herkommen,come here
wild,wild
nenne,name
angesehen,viewed
zuhören,listen
trennen,separate
schlafzimmer,bedroom
vorschlag,suggestion
meins,mine
gift,poison
ton,clay
vermissen,miss
angekommen,arrived
beantworten,answer
deutlich,clearly
träumen,dream
verwirrt,confused
akten,files
riskieren,risk
b,b
victor,Victor
find,find
erkannt,recognized
beerdigung,burial
müll,garbage
weisst,know
möge,may
stellte,presented
mitte,center
erleben,experience
geburt,birth
decke,ceiling
chffff,chffff
wege,ways
schritte,steps
gibts,there is
gemeldet,reported
hilfst,help
mittagessen,lunch
weint,cries
vernichten,destroy
rock,rock
chicago,Chicago
ellen,Ellen
crew,crew
roy,Roy
türen,doors
gewehr,gun
elena,Elena
arbeitete,worked
spiegel,mirror
hauen,hit
geraten,advised
dritten,third
ross,horse
julie,Julie
wetter,weather
schwul,gay
regel,rule
befindet,is located
einheit,unit
german,German
armer,poor
gucken,look
anstatt,instead of
champagner,champagne
gründe,reasons
strafe,penalty
smith,smith
öfter,more often
anne,Anne
zelle,cell
langen,long
altes,old
ruiniert,ruined
jonathan,Jonathan
kleidung,clothing
gras,grass
kenn,know
agenten,agents
herausgefunden,found out
annie,Annie
rechten,right
brot,bread
berlin,Berlin
erfreut,pleased
lügt,lies
nehm,take
harte,hardness
staaten,states
station,station
gaben,gave
hinterher,afterwards
verpassen,miss
geholt,fetched
jesse,Jesse
hemd,shirt
trinke,drink
klären,clear up
praktisch,practical
theorie,theory
zunge,tongue
notfall,emergency
besseren,better
winter,winter
c,c
versuchst,try
dahinter,behind
schwere,heavy
feuern,fire
lucy,Lucy
schießt,shoots
anführer,leader
schief,wrong
blau,blue
bestens,excellent
wartest,wait
gehts,let's go
morgan,Morgan
unrecht,wrong
leck,leak
wonach,what
entwickelt,developed
bedeutung,meaning
strom,electricity
krebs,cancer
gemein,mean
wessen,whose
minister,minister
lhnen,you
quelle,source
zahl,number
schiffe,ships
schüsse,shots
bricht,breaks
talent,talent
spitze,great
fernseher,TV
treiben,to drive
ausgezeichnet,excellent
tatort,crime scene
möglichkeiten,possibilities
trinkt,drinks
esse,eat
cop,cop
details,details
täter,perpetrator
wahren,preserve
dieb,thief
offiziell,officially
dienen,serve
westen,west
entscheidungen,decisions
dauernd,constantly
geschmack,taste
gegenseitig,each other
gewählt,chosen
charlotte,Charlotte
pech,bad luck
verteidigen,defend
schauspieler,actor
personen,persons
überlassen,leave
publikum,audience
trägst,wear
wechseln,change
begegnet,encountered
betrogen,cheated
besucht,visited
vertrau,trust
europa,Europe
carrie,Carrie
patrick,Patrick
deutschland,Germany
süßer,sweeter
loswerden,get rid of
melde,report
maggie,Maggie
bestätigt,confirmed
gas,gas
sturm,storm
setze,set
briefe,letters
null,zero
penny,penny
schlafe,temple
wirken,works
geführt,led
starten,start
götter,gods
festhalten,hold onto
geheim,secret
übergeben,hand over
cia,cia
abteilung,department
papier,paper
wetten,bet
gefolgt,followed
verschiedene,different
gleichzeitig,at the same time
genie,genius
hungrig,hungry
inspektor,inspector
zwingen,force
atmet,breathes
kuh,cow
unterstützen,support
geworfen,thrown
verlor,lost
süden,south
pater,father
menschheit,humanity
versteck,hiding place
tötete,killed
fähigkeiten,skills
beruhigt,calms
rechtzeitig,punctual
streng,strictly
sendung,broadcast
gelebt,lived
treppe,stairs
kim,Kim
richtiger,correct
aufnehmen,to record
wolf,wolf
pa,pa
öffnet,opens
dämon,demon
wut,fury
schlange,snake
medikamente,medication
geschenkt,gifted
nenn,nominal
gelegt,laid
anfassen,touch
pizza,pizza
schlechtes,bad
hütte,hut
mantel,a coat
behauptet,claims
kilometer,kilometers
beeilung,hurry
angeblich,allegedly
reiten,ride
helen,Helen
mittag,midday
gewarnt,warned
wohne,live
las,read
dunkelheit,darkness
spazieren,stroll
angel,angel
hiermit,hereby
schließt,closes
phoebe,Phoebe
vieles,many things
erfüllt,fulfilled
tausend,thousand
sack,bag
eindeutig,clearly
unterhaltung,entertainment
gründen,found
km,km
zugeben,admit
mittel,medium
explosion,explosion
gefangenen,prisoners
taylor,Taylor
frische,fresh
verdächtigen,suspect
neugierig,curious
leitung,line
kennenlernen,get to know
fliege,fly
lebte,lived
menschliche,human
anderem,among other things
auseinander,apart
fressen,eat
beides,both
ficken,fuck
stoff,material
spüre,feel
eilig,hurry
stammt,comes from
vorgestellt,presented
linda,Linda
welch,which
wichtiges,important
no,no
gehörte,belonged
mhm,mmm
glaubte,believed
oberst,colonel
schrank,wardrobe
fremde,foreign
gnade,grace
chloe,Chloe
yo,yo
entspannen,relax
virus,virus
schläfst,sleep
einladung,invitation
krieger,warrior
vernünftig,reasonable
fein,fine
greifen,grab
whoa,whoa
kyle,Kyle
schickte,sent
per,by
mitglied,member
einziger,only
umzubringen,to kill
zurückkehren,return
feld,field
mexiko,Mexico
erschaffen,create
information,information
hergekommen,came here
beweg,move
stärke,strength
vermögen,assets
verbracht,spent
gewisse,certain
waschen,wash
howard,Howard
staat,state
geister,ghosts
behaupten,claim
schrei,scream
würdet,would
vögel,birds
warnen,warn
albert,Albert
chancen,opportunities
treibt,drives
nannte,called
vermute,suspect
mitternacht,midnight
jones,Jones
freundinnen,girlfriends
lecker,yummy
klinik,clinic
dicht,tight
befinden,condition
ließen,let
bürger,citizens
verursacht,caused
hammer,hammer
klang,sound
internet,Internet
aufregend,exciting
grenzen,borders
politik,policy
superman,Superman
zurecht,rightly
besitz,possession
cops,cops
eingesperrt,locked up
irren,err
kommando,command
schlug,hit
krankenwagen,ambulance
love,love
öffne,open
karen,Karen
richten,direct
mademoiselle,Mademoiselle
erfunden,invented
schnee,snow
fühl,feel
behalte,keep
beschützt,protected
punkte,points
entfernen,remove
abgehauen,ran away
geträumt,dreamed
stefan,Stefan
dämonen,demons
tränen,tears
erfolgreich,successful
volle,full
wilson,Wilson
caroline,Caroline
höher,higher
happy,happy
brille,glasses
musstest,had to
heimat,hometown
terry,Terry
liebsten,dearest
bye,bye
leiter,director
sean,Sean
kauf,purchase
spinnst,crazy
werk,factory
cent,cent
schlacht,battle
beziehungen,relationships
abgemacht,agreed
schreie,scream
hmm,hmm
bestätigen,confirm
erschreckt,frightened
offizier,officer
that,that
sara,Sarah
affäre,affair
empfangen,received
zweck,purpose
kämpfe,fights
ergeben,result
china,China
fange,catch
häuser,houses
verliere,lose
gedanke,thought
tausende,thousands
heutzutage,nowadays
gefühlt,felt
schnitt,cut
carlos,Carlos
harold,Harold
lebend,live
real,real
holz,wood
kaiser,emperor
spielte,played
begonnen,started
ziehst,pull
gelandet,landed
scheidung,divorce
bart,beard
beschlossen,decided
klo,toilet
riechen,smell
vergisst,forgets
begeistert,enthusiastic
ei,egg
durchs,through
geil,cool
nieder,low
erkläre,explain
schreckliche,terrible
beeindruckt,impressed
vince,Vince
aufgegeben,abandoned
aufgrund,because of
momentan,at the moment
solch,such
meistens,mostly
stress,stress
sterne,stars
heilen,heal
soviel,so much
kannten,knew
stattdessen,instead
aye,aye
dinger,things
stimmung,mood
bulle,bull
aufgefallen,noticed
kämpft,fights
geräusch,noise
künstler,artist
wachsen,grow
verurteilt,sentenced
himmels,heaven
tyler,Tyler
urteil,verdict
schweine,pigs
nettes,nice
house,house
verlust,loss
verließ,left
wirf,throw
wenige,few
willie,Willie
schulter,shoulder
kalifornien,California
lernt,learns
beigebracht,taught
normale,normal
anbieten,offer
verwenden,use
gratuliere,congratulations
fluch,curse
rick,rick
übers,over
grün,green
unterricht,instruction
dachtest,thought
verarschen,fool
gewöhnt,used
anklage,accusation
tollen,great
lippen,lips
fett,fat
lege,put
feigling,coward
achten,regard
gary,Gary
erfährt,learns
gewohnt,used
jessica,Jessica
äußerst,extremely
einladen,invite
käse,cheese
aufwachen,wake up
verfügung,disposal
uniform,uniform
zusehen,watch
board.tvuser.de,board.tvuser.de
gesundheit,health
abenteuer,adventure
hosen,pants
kurze,short
scheck,check
täglich,daily
fresse,face
übernehme,take over
wiederholen,repeat
bestellen,order
freiwillig,voluntarily
cole,Cole
universum,universe
zeuge,witness
west,west
marshall,Marshall
fähig,capable
revier,territory
reifen,tires
mum,mom
führe,lead
durchgemacht,gone through
tests,tests
führte,led
schenken,give
schädel,skull
realität,reality
april,April
albern,silly
brav,well-behaved
schwerer,heavier
jagd,hunting
versagt,failed
truck,truck