Unnamed: 0,german,english
0,ich,I
1,sie,she
2,das,the
3,ist,is
4,du,you
5,nicht,not
6,die,the
7,es,it
8,und,and
9,der,the
10,wir,we
11,was,What
12,zu,to
13,er,he
14,ein,a
15,in,in
16,ja,Yes
17,mir,me
18,mit,with
19,wie,How
20,den,the
21,mich,me
22,auf,on
23,dass,that
24,aber,but
25,eine,one
26,so,so
27,hat,has
28,hier,here
29,haben,have
30,für,for
31,sind,are
32,war,was
33,von,from
34,wenn,if
35,dich,you
36,ihr,her
37,nein,no
38,habe,have
39,an,to
40,bin,am
41,noch,still
42,nur,only
43,da,there
44,dir,you
45,sich,itself
46,einen,a
47,uns,us
48,hast,have
49,dem,dem
50,kann,can
51,gut,good
52,auch,also
53,schon,already
54,als,as
55,sein,be
56,mal,just
57,jetzt,now
58,ihn,him
59,dann,then
60,aus,out of
61,meine,mine
62,um,to
63,im,in the
64,wird,becomes
65,mein,my
66,bist,are
67,doch,but
68,alles,everything
69,weiß,white
70,keine,no
71,oder,or
72,nach,after
73,s,s
74,nichts,nothing
75,man,one
76,muss,must
77,werden,become
78,will,wants
79,ihnen,them
80,geht,goes
81,wo,where
82,etwas,something
83,oh,Oh
84,mehr,more
85,bei,at
86,also,so
87,bitte,please
88,immer,always
89,hab,have
90,warum,Why
91,vor,before
92,los,go
93,können,can
94,wieder,again
95,sagen,say
96,machen,make
97,danke,Thanks
98,sehr,very
99,alle,all
100,denn,because
101,mann,man
102,tun,do
103,ihm,him
104,zum,for the
105,gehen,go
106,sehen,see
107,vielleicht,perhaps
108,einem,a
109,wer,who
110,ihre,her
111,diese,this
112,euch,you
113,einer,one
114,komm,come
115,über,above
116,gibt,gives
117,okay,OK
118,wissen,knowledge
119,deine,your
120,müssen,must
121,soll,should
122,werde,become
123,nie,never
124,wirklich,really
125,hey,hey
126,kein,no
127,viel,much
128,weg,away
129,würde,would
130,tut,does
131,am,on
132,des,of the
133,einfach,simply
134,leben,life
135,hatte,had
136,zeit,time
137,weil,because
138,willst,want
139,kommen,come
140,dein,your
141,heute,today
142,kommt,comes
143,wollen,want
144,damit,with it
145,ganz,quite
146,wäre,were
147,wollte,wanted
148,weißt,know
149,ok,OK
150,sicher,secure
151,gesagt,said
152,frau,woman
153,nun,so
154,bis,until
155,wurde,became
156,leid,sorrow
157,na,
158,kannst,can
159,macht,might
160,dieser,this
161,zurück,back
162,lassen,let
163,hallo,Hello
164,meinen,mean
165,gott,God
166,seine,his
167,hätte,would have
168,zwei,two
169,könnte,could
170,genau,Exactly
171,waren,were
172,zur,to
173,lass,let
174,klar,clear
175,morgen,morning
176,leute,people
177,vater,father
178,schön,nice
179,glaube,believe
180,mr.,Mr.
181,ab,away
182,gerade,straight
183,tag,day
184,gesehen,seen
185,reden,talk
186,wohl,probably
187,liebe,love
188,sollte,should
189,sagte,said
190,unsere,our
191,jemand,someone
192,geld,money
193,durch,through
194,ob,whether
195,keinen,none
196,mutter,mother
197,raus,out
198,gemacht,made
199,paar,couple
200,mach,do
201,passiert,happened
202,dachte,thought
203,besser,better
204,musst,must
205,wieso,how come
206,sir,sir
207,dieses,this
208,selbst,himself
209,gehört,heard
210,möchte,want
211,ohne,without
212,hör,hear
213,her,here
214,sag,say
215,meiner,mine
216,anderen,others
217,helfen,help
218,nacht,night
219,finden,find
220,diesen,this
221,gute,good
222,wirst,will
223,lange,long
224,natürlich,naturally
225,ach,Oh
226,meinem,my
227,gar,even
228,ins,into the
229,sei,be
230,dort,there
231,weiter,further
232,geben,give
233,seit,since
234,gleich,even
235,sagt,says
236,recht,right
237,ihren,your
238,richtig,correct
239,ordnung,order
240,vom,from the
241,hören,hear
242,sieht,sees
243,davon,of that
244,dafür,for that
245,geh,go
246,diesem,this
247,wegen,because of
248,hause,home
249,sollten,should
250,mädchen,girl
251,hin,there
252,sollen,should
253,abend,evening
254,haus,a house
255,denke,think
256,viele,many
257,drei,three
258,deinen,your
259,freund,friend
260,guten,good
261,unser,our
262,warte,wait
263,machst,do
264,menschen,people
265,essen,eat
266,angst,fear
267,bleiben,remain
268,zusammen,together
269,welt,world
270,unter,under
271,habt,have
272,schnell,fast
273,andere,other
274,tot,dead
275,getan,did
276,darf,may
277,erst,first
278,rein,pure
279,stimmt,true
280,nehmen,take
281,kinder,children
282,eines,one
283,glauben,believe
284,bringen,bring
285,ganze,whole
286,genug,enough
287,scheiße,shit
288,brauchen,need
289,gegen,against
290,moment,moment
291,junge,boy
292,steht,stands
293,sonst,otherwise
294,musik,music
295,arbeit,work
296,seid,are
297,ihrer,their
298,fragen,questions
299,herr,Mr
300,dabei,included
301,heißt,is called
302,familie,family
303,warten,wait
304,niemand,no one
305,sofort,immediately
306,bevor,before
307,jahre,years
308,einmal,once
309,problem,problem
310,sohn,son
311,wann,When
312,brauche,need
313,fertig,complete
314,halt,stop
315,allein,alone
316,beim,at the
317,sprechen,speak
318,beide,both
319,gefunden,found
320,hatten,had
321,sache,matter
322,hilfe,help
323,verdammt,damned
324,ne,no
325,jeder,everyone
326,warst,were
327,gern,gladly
328,konnte,could
329,darüber,about it
330,halten,hold
331,siehst,see
332,verstehe,understand
333,jahren,years
334,kam,came
335,kind,child
336,wusste,knew
337,wahr,true
338,seinen,his
339,dazu,in addition
340,bruder,brother
341,daran,to it
342,ihrem,their
343,denken,think
344,könnten,could
345,dank,thanks to
346,würden,would
347,lieber,Dear
348,fall,case
349,deiner,your
350,sehe,see
351,egal,doesn't matter
352,kennen,know
353,deinem,your
354,vergessen,forget
355,frage,ask
356,mache,make
357,komme,come
358,sage,saw
359,mag,likes
360,sieh,see
361,echt,real
362,gib,give
363,eigentlich,actually
364,jeden,every
365,dad,dad
366,gab,gave
367,uhr,clock
368,stadt,city
369,männer,men
370,baby,baby
371,fahren,drive
372,namen,names
373,bekommen,receive
374,kopf,head
375,hi,hi
376,gehe,go
377,kleine,small
378,später,later
379,glück,happiness
380,letzte,last
381,freunde,friends
382,n,n
383,all,all
384,darauf,on it
385,ende,end
386,dr.,Dr.
387,bald,soon
388,töten,kill
389,dinge,things
390,meinst,mean
391,toll,great
392,eins,one
393,minuten,minutes
394,vielen,many
395,bereit,ready
396,weit,far
397,ahnung,idea
398,seiner,his
399,bisschen,a little
400,tür,door
401,auto,car
402,jungs,guys
403,eure,your
404,augen,eyes
405,polizei,police
406,stehen,stand
407,sterben,die
408,hätten,would have
409,draußen,outside
410,kenne,know
411,fast,almost
412,runter,down
413,vorbei,over
414,treffen,meet
415,gerne,gladly
416,dran,your turn
417,wurden,became
418,arbeiten,work
419,mom,mom
420,verrückt,crazy
421,neue,new
422,ging,went
423,hinter,behind
424,sorgen,care for
425,einzige,only
426,jemanden,someone
427,darum,therefore
428,tochter,daughter
429,braucht,needs
430,idee,idea
431,schwester,sister
432,drin,inside
433,ruhig,quiet
434,sah,saw
435,ganzen,entire
436,spät,late
437,ziemlich,quite
438,solltest,should
439,name,name
440,sogar,even
441,kurz,short
442,kerl,guy
443,frauen,women
444,liegt,lies
445,suchen,seek
446,finde,find
447,je,each
448,woher,from where
449,lang,long
450,job,job
451,keiner,none
452,seinem,his
453,hört,hears
454,verstehen,understand
455,spielen,play
456,s.,see
457,überhaupt,at all
458,teufel,devil
459,verstanden,understood
460,verloren,lost
461,große,size
462,hand,hand
463,grund,reason
464,jahr,year
465,kommst,come
466,mama,mama
467,ruhe,quiet
468,gewesen,been
469,tod,death
470,stunden,hours
471,hoffe,hope
472,denkst,think
473,oben,above
474,gestern,yesterday
475,versuchen,attempt
476,art,type
477,letzten,last
478,schatz,treasure
479,endlich,finally
480,he,he
481,nimm,take
482,etwa,approximately
483,erzählt,told
484,läuft,running
485,schwer,difficult
486,anders,different
487,miss,miss
488,musste,had to
489,fünf,five
490,wasser,water
491,lässt,lets
492,erste,first
493,versucht,tried
494,gekommen,came
495,geschichte,story
496,wenig,few
497,holen,fetch
498,bedeutet,means
499,nett,nice
500,wahrheit,truth
501,woche,week
502,bringt,brings
503,deshalb,for this reason
504,welche,which
505,bestimmt,certainly
506,hoch,high
507,alter,age
508,sagst,say
509,schau,look
510,ah,uh
511,land,country
512,zimmer,room
513,wagen,dare
514,vier,four
515,gefallen,fallen
516,spaß,fun
517,niemals,never
518,schuld,fault
519,getötet,killed
520,wollten,wanted
521,verlassen,leave
522,zeigen,show
523,beste,best
524,ernst,serious
525,unserer,our
526,denen,those
527,ort,location
528,bleibt,remains
529,würdest,would
530,manchmal,sometimes
531,glaubst,believe
532,seite,page
533,lasst,let
534,zwischen,between
535,eben,even
536,während,while
537,spiel,game
538,nehme,take
539,ersten,first
540,guter,goods
541,chance,chance
542,freundin,girlfriend
543,krieg,war
544,gefällt,pleases
545,kleinen,small
546,erzählen,tell
547,anderes,other
548,tage,days
549,entschuldigen,excuse
550,wichtig,important
551,gehst,go
552,allen,all
553,bett,bed
554,mrs.,Mrs.
555,sachen,things
556,the,the
557,schlecht,bad
558,schule,school
559,entschuldigung,excuse
560,wort,word
561,john,John
562,hättest,would have
563,wären,would be
564,typ,type
565,schlafen,sleep
566,äh,uh
567,tu,you
568,euer,your
569,captain,captain
570,gesicht,face
571,falls,if
572,neuen,new
573,bloß,just
574,unten,below
575,teil,part
576,beiden,both
577,mensch,person
578,kleiner,smaller
579,stellen,place
580,oft,often
581,sorge,worries
582,gedacht,thought
583,tust,do
584,trinken,drink
585,einige,some
586,dies,this
587,ding,thing
588,unseren,our
589,kriegen,get
590,blut,blood
591,ehrlich,honest
592,eltern,parents
593,scheint,appears
594,herz,heart
595,jack,Jack
596,glücklich,happy
597,alte,old
598,alt,old
599,bleib,stay
600,wiedersehen,see you again
601,frei,free
602,wen,who
603,drauf,on it
604,möglich,possible
605,irgendwie,somehow
606,reicht,suffices
607,fest,firmly
608,besten,best
609,waffe,weapon
610,kaum,barely
611,irgendwas,something
612,klingt,sounds
613,platz,place
614,brauchst,need
615,rede,speech
616,papa,papa
617,falsch,incorrect
618,sondern,rather
619,alten,old
620,nummer,number
621,früher,earlier
622,jungen,young
623,wohin,where
624,außer,except
625,früh,early
626,setzen,set
627,zuerst,first
628,wahrscheinlich,probably
629,dürfen,may
630,jede,every
631,arsch,ass
632,telefon,phone
633,tue,do
634,kennst,know
635,willkommen,welcome
636,plan,plan
637,großen,large
638,retten,save
639,hierher,here
640,wär,would be
641,bring,bring
642,fehler,mistake
643,wollt,want
644,dollar,dollar
645,zehn,ten
646,allem,everything
647,pass,passport
648,nächste,next
649,stunde,hour
650,hände,hands
651,gegeben,given
652,menge,crowd
653,langsam,slow
654,bereits,already
655,wartet,waits
656,sechs,six
657,lieben,love
658,meines,mine
659,büro,office
660,nächsten,next
661,gebe,give
662,wochen,weeks
663,ruf,call
664,schaffen,create
665,leider,unfortunately
666,scheiß,shit
667,hölle,hell
668,trotzdem,despite it
669,doktor,doctor
670,tja,well
671,new,new
672,voll,full
673,film,film
674,überall,everywhere
675,hund,dog
676,geworden,become
677,direkt,direct
678,wolltest,wanted
679,tat,did
680,denkt,thinks
681,schiff,ship
682,neues,new
683,wem,whom
684,könig,king
685,danach,thereafter
686,funktioniert,functions
687,hattest,had
688,lernen,learn
689,deswegen,because of this
690,wow,Wow
691,nennen,to name
692,hm,Hm
693,feuer,fire
694,laufen,run
695,alleine,alone
696,erinnern,remember
697,völlig,fully
698,kleines,small
699,könnt,can
700,stelle,position
701,kumpel,buddy
702,verlieren,lose
703,probleme,problems
704,spricht,speaks
705,kaffee,coffee
706,luft,air
707,fand,found
708,i,i
709,entschuldige,sorry
710,ziehen,pull
711,verschwinden,disappear
712,könntest,could
713,seht,see
714,aufhören,stop
715,eigenen,own
716,richtige,correct
717,unserem,our
718,suche,search
719,zwar,that is
720,groß,large
721,hol,get
722,buch,book
723,krank,sick
724,fühle,feel
725,jedes,each
726,verstehst,understand
727,wert,value
728,arzt,physician
729,froh,glad
730,versuche,try
731,straße,street
732,rufen,call
733,heiraten,marry
734,super,super
735,sam,sam
736,lebt,lives
737,gutes,good
738,lasse,let
739,onkel,uncle
740,total,total
741,gebracht,brought
742,party,party
743,erklären,explain
744,spielt,plays
745,wahl,choice
746,vertrauen,trust
747,damals,at that time
748,tagen,meetings
749,leicht,light
750,nachdem,after
751,gegangen,gone
752,gefühl,feeling
753,kaufen,buy
754,geschafft,done
755,typen,types
756,interessiert,interested
757,möchten,want
758,halte,hold
759,hält,holds
760,glaub,believe
761,irgendwo,somewhere
762,stück,piece
763,genauso,just as
764,kennt,knows
765,genommen,taken
766,zukunft,future
767,weniger,fewer
768,cool,cool
769,licht,light
770,getroffen,met
771,himmel,heaven
772,nachricht,news
773,drüben,over
774,passt,fits
775,sagten,said
776,kümmern,take care
777,laut,loud
778,vergiss,forget
779,angerufen,called
780,sitzen,sit
781,daß,that
782,erde,earth
783,großer,large
784,schlüssel,key
785,rest,rest
786,passieren,happen
787,eher,rather
788,gefragt,asked
789,gefängnis,jail
790,opfer,victim
791,körper,body
792,solche,such
793,mist,crap
794,mr,Mr.
795,findet,finds
796,schreiben,write
797,böse,evil
798,gesprochen,spoken
799,versuch,attempt
800,vorstellen,introduce
801,wovon,of which
802,sobald,as soon as
803,nochmal,again
804,herren,gentlemen
805,sex,sex
806,waffen,weapons
807,wohnung,apartment
808,weh,sore
809,heißen,be called
810,krankenhaus,hospital
811,bringe,bring
812,höre,hear
813,millionen,millions
814,klasse,class
815,hart,hard
816,worden,been
817,sinn,sense
818,außerdem,aside from that
819,verletzt,injured
820,ändern,change
821,erfahren,experience
822,tragen,carry
823,wenigstens,at least
824,vorsichtig,cautious
825,daddy,daddy
826,stolz,proud
827,stark,strong
828,fällt,falls
829,möchtest,want
830,leuten,people
831,besonders,particularly
832,schöne,beautiful
833,schicken,send
834,person,person
835,schätze,appreciate
836,solange,as long as
837,länger,longer
838,großartig,great
839,lacht,laughs
840,anrufen,call
841,stand,stand
842,redest,talking
843,fühlen,feel
844,erwartet,expected
845,boden,floor
846,boss,boss
847,stimme,agree
848,glaubt,believes
849,still,quiet
850,sicherheit,security
851,setz,set
852,ma,ma
853,mund,mouth
854,kämpfen,battle
855,wisst,know
856,lachen,laugh
857,hörst,hear
858,zeug,things
859,lustig,funny
860,umbringen,kill
861,sollst,should
862,hasse,hate
863,schlimm,terrible
864,o,O
865,unglaublich,incredible
866,wärst,would be
867,laden,load
868,führen,lead
869,gestorben,died
870,schauen,look
871,meinung,opinion
872,lesen,read
873,mörder,murderer
874,frank,frank
875,ähm,um
876,geschehen,happen
877,geschäft,business
878,idiot,idiot
879,verzeihung,forgiveness
880,fliegen,fly
881,zeig,show
882,team,team
883,general,general
884,mike,Mike
885,aufs,on the
886,york,York
887,vorher,previously
888,schluss,ending
889,schneller,faster
890,liebt,loves
891,verdient,earned
892,mögen,like
893,meisten,most
894,denk,think
895,umgebracht,killed
896,perfekt,perfect
897,versprochen,promised
898,handy,cell phone
899,hinten,rear
900,monate,months
901,erinnere,remember
902,acht,eight
903,arbeitet,works
904,fallen,fall
905,rufe,call
906,nötig,necessary
907,a,a
908,mord,murder
909,heraus,out of here
910,tages,daily
911,unmöglich,impossible
912,liebling,darling
913,charlie,Charlie
914,tatsächlich,actually
915,folgen,consequences
916,bitten,ask
917,behalten,keep
918,nähe,vicinity
919,arbeite,work
920,joe,Joe
921,verdammte,damned
922,plötzlich,suddenly
923,lebens,life
924,hole,hole
925,tisch,table
926,michael,Michael
927,hörte,heard
928,jemals,ever
929,liegen,lay
930,verkaufen,sell
931,gefährlich,dangerous
932,anfangen,begin
933,bekommt,receives
934,machte,made
935,ha,Ha
936,hotel,hotel
937,hilft,helps
938,werdet,will
939,meister,master
940,kampf,battle
941,antwort,answer
942,konnten,could
943,geschickt,sent
944,jedem,everyone
945,obwohl,although
946,sieben,seven
947,komisch,funny
948,gewinnen,win
949,ihres,their
950,bezahlt,paid
951,you,you
952,voller,full
953,unterwegs,on the way
954,dumm,dumb
955,ärger,aggravation
956,bild,picture
957,george,George
958,neu,new
959,bezahlen,pay
960,dagegen,against it
961,seien,be
962,starb,died
963,tom,Tom
964,monaten,months
965,leiche,corpse
966,niemanden,no one
967,auge,eye
968,arschloch,asshole
969,verheiratet,married
970,peter,Peter
971,zieh,pull
972,nimmt,takes
973,gerettet,saved
974,agent,agent
975,traum,dream
976,entscheidung,decision
977,schlimmer,worse
978,regeln,regulate
979,fenster,window
980,fangen,catch
981,fort,continued
982,ständig,constant
983,findest,find
984,gefahr,danger
985,absolut,absolutely
986,mary,Mary
987,augenblick,moment
988,bescheid,notice
989,rum,rum
990,gedanken,thoughts
991,werd,will
992,ziel,goal
993,benutzt,used
994,bewegung,movement
995,jemandem,someone
996,wünschte,wished
997,worte,words
998,kamen,came
999,welcher,which
1000,zahlen,pay
1001,anfang,beginning
1002,legen,place
1003,erinnerst,remember
1004,anwalt,attorney
1005,fahr,drive
1006,sitzt,sits
1007,hilf,help
1008,offen,open
1009,schönen,beautiful
1010,monsieur,gentleman
1011,müsste,should
1012,arme,poor
1013,bier,beer
1014,fürs,for the
1015,partner,partner
1016,klein,small
1017,david,David
1018,klappe,flap
1019,süß,sweet
1020,herum,around
1021,finger,finger
1022,ehe,before
1023,rolle,role
1024,ließ,let
1025,gleiche,same
1026,monat,month
1027,hochzeit,wedding
1028,max,max
1029,führt,leads
1030,paris,Paris
1031,wach,awake
1032,wozu,for what reason
1033,arm,arm
1034,geschrieben,written
1035,chef,boss
1036,benutzen,use
1037,informationen,information
1038,erledigt,completed
1039,hoffentlich,hopefully
1040,müsst,must
1041,fühlt,feels
1042,tanzen,dance
1043,ansehen,view
1044,darfst,may
1045,zuhause,at home
1046,wunderbar,wonderful
1047,hältst,hold
1048,reise,trip
1049,gewonnen,won
1050,dame,lady
1051,irgendwann,sometime
1052,chffffff,chffffff
1053,alex,alex
1054,steckt,stuck
1055,jedenfalls,anyway
1056,schreit,screams
1057,tolle,great
1058,rüber,over
1059,tschüss,bye
1060,nennt,calls
1061,raum,space
1062,heiß,hot
1063,foto,photo
1064,kalt,cold
1065,paul,Paul
1066,irgendetwas,anything
1067,weile,while
1068,bisher,until now
1069,minute,minute
1070,unbedingt,absolutely
1071,zug,train
1072,sekunden,seconds
1073,wofür,for what
1074,erzähl,tell
1075,nen,nen
1076,beweise,proofs
1077,nahm,took
1078,aller,all
1079,freut,happy
1080,seele,soul
1081,schießen,shoot
1082,müde,tired
1083,dauert,lasts
1084,magst,like
1085,harry,Harry
1086,brief,letter
1087,gelernt,learned
1088,sucht,seeks
1089,bekannt,known
1090,weitere,more
1091,unfall,accident
1092,dahin,there
1093,kontrolle,control
1094,beispiel,example
1095,lady,lady
1096,dasselbe,the same
1097,herzen,hearts
1098,schlagen,hit
1099,wütend,angry
1100,weise,way
1101,damen,ladies
1102,darin,in it
1103,gottes,God's
1104,holt,gets
1105,fehlt,missing
1106,vorsicht,caution
1107,heiße,hot
1108,beweisen,prove
1109,gehabt,had
1110,zumindest,at least
1111,vermisst,missing
1112,hübsch,pretty
1113,kriegt,gets
1114,verbindung,connection
1115,tief,deep
1116,richtung,direction
1117,lage,location
1118,sowieso,anyway
1119,kraft,power
1120,normal,normal
1121,lauf,run
1122,ehre,honor
1123,stell,set
1124,geschenk,gift
1125,bar,bear
1126,tasche,bag
1127,gelesen,read
1128,gekauft,bought
1129,wussten,knew
1130,gestohlen,stolen
1131,hunger,hunger
1132,leg,leg
1133,lügen,lie
1134,beziehung,relationship
1135,ben,ben
1136,verschwunden,disappeared
1137,steh,stand
1138,nächstes,next
1139,gearbeitet,worked
1140,preis,price
1141,witz,joke
1142,meinte,said
1143,liste,list
1144,geist,spirit
1145,neben,next to
1146,gesucht,wanted
1147,firma,company
1148,süße,sweetness
1149,rücken,back
1150,schrecklich,terrible
1151,letzter,last
1152,verliebt,in love
1153,öffnen,open
1154,redet,talks
1155,boot,boat
1156,seltsam,strange
1157,versteckt,hidden
1158,fürchte,fear
1159,verschwinde,disappear
1160,erwischt,caught
1161,verkauft,sold
1162,tante,aunt
1163,erwarten,expect
1164,pferd,horse
1165,wunder,wonder
1166,sauer,sour
1167,vermutlich,allegedly
1168,näher,closer
1169,major,major
1170,jung,young
1171,majestät,majesty
1172,aussehen,look
1173,ans,to
1174,de,de
1175,and,and
1176,links,left
1177,großes,large
1178,welches,which
1179,beschützen,protect
1180,geboren,born
1181,erreichen,to reach
1182,punkt,point
1183,kindern,children
1184,kirche,church
1185,verraten,betrayed
1186,selber,himself
1187,befehl,command
1188,colonel,colonel
1189,fährt,drives
1190,zieht,pulls
1191,geburtstag,birthday
1192,haut,skin
1193,wette,bet
1194,reich,rich
1195,sekunde,second
1196,fahre,drive
1197,schwöre,swear
1198,geredet,talked
1199,james,James
1200,madame,Madam
1201,eigene,own
1202,zeiten,times
1203,traurig,sad
1204,anruf,call
1205,nachrichten,news
1206,frieden,peace
1207,karte,map
1208,güte,quality
1209,euren,your
1210,diesmal,this time
1211,schade,too bad
1212,persönlich,personal
1213,kriege,wars
1214,stirbt,dies
1215,bleibe,stay
1216,verändert,changed
1217,sonne,sun
1218,lieb,dear
1219,nämlich,namely
1220,letztes,last
1221,bekam,got
1222,ruft,calls
1223,professor,professor
1224,gericht,court
1225,nase,nose
1226,ewig,forever
1227,singen,sing
1228,bank,bank
1229,beschäftigt,busy
1230,computer,computer
1231,yeah,yeah
1232,toten,kill
1233,weihnachten,Christmas
1234,offensichtlich,apparently
1235,naja,Oh well
1236,henry,Henry
1237,gefühle,feelings
1238,fuß,foot
1239,show,show
1240,überraschung,surprise
1241,geheimnis,secret
1242,fbi,FBI
1243,kontakt,contact
1244,gold,gold
1245,drogen,drugs
1246,regierung,government
1247,wein,wine
1248,kriegst,get
1249,ermordet,murdered
1250,fotos,photos
1251,entfernt,removed
1252,geschlafen,slept
1253,manche,some
1254,erledigen,complete
1255,ran,ran
1256,gegenüber,opposite
1257,schlaf,sleep
1258,lust,desire
1259,wunderschön,beautiful
1260,witzig,funny
1261,nick,Nick
1262,zerstört,destroyed
1263,übrigens,by the way
1264,willen,sake
1265,heim,home
1266,richtigen,correct
1267,deines,yours
1268,namens,called
1269,zeigt,shows
1270,geliebt,loved
1271,gehören,belong
1272,brachte,brought
1273,herrn,Mr.
1274,blick,view
1275,besuch,visit
1276,schlechte,bad
1277,bewegen,move
1278,haare,hair
1279,antworten,answer
1280,präsident,president
1281,sagtest,said
1282,hoffnung,hope
1283,stecken,put
1284,lebe,live
1285,rechts,right
1286,interessant,interesting
1287,entscheiden,decide
1288,miteinander,each other
1289,meint,thinks
1290,liebst,love
1291,indem,by
1292,bleibst,stay
1293,kümmere,take care
1294,wohnen,reside
1295,weder,neither
1296,möglichkeit,possibility
1297,kaputt,broken
1298,bekomme,get
1299,flugzeug,airplane
1300,vergangenheit,past
1301,anderer,other
1302,zweite,second
1303,armee,army
1304,jim,Jim
1305,tee,tea
1306,entweder,either
1307,weiss,white
1308,don,Don
1309,detective,detective
1310,aufhalten,stop
1311,stellt,represents
1312,verspreche,promise
1313,überrascht,surprised
1314,sauber,clean
1315,hau,hit
1316,mark,mark
1317,schlag,blow
1318,sheriff,sheriff
1319,untertitel,subtitles
1320,setzt,sets
1321,frag,ask
1322,vaters,father's
1323,nervös,nervous
1324,gesellschaft,company
1325,verstecken,hide
1326,schuldig,guilty
1327,hals,neck
1328,schützen,protect
1329,besuchen,visit
1330,of,of
1331,passen,fit
1332,überleben,survive
1333,erhalten,receive
1334,teilen,split
1335,gebäude,building
1336,schicksal,fate
1337,zeichen,sign
1338,richter,judge
1339,besorgt,worried
1340,küche,kitchen
1341,lief,ran
1342,vergnügen,enjoyment
1343,wüsste,would know
1344,volk,people
1345,lhr,Your
1346,herausfinden,find out
1347,königin,queen
1348,soldaten,soldiers
1349,feiern,celebrate
1350,situation,situation
1351,lag,lay
1352,gelassen,calm
1353,allerdings,however
1354,soweit,as far as
1355,gefahren,driven
1356,verstand,mind
1357,bord,board
1358,schönes,beautiful
1359,jimmy,Jimmy
1360,billy,Billy
1361,angefangen,begun
1362,lee,lee
1363,fühlst,feel
1364,bob,bob
1365,mussten,had to
1366,rat,council
1367,worauf,what
1368,gebeten,asked
1369,tony,Tony
1370,kamera,camera
1371,achtung,danger
1372,lieutenant,lieutenant
1373,ganzes,whole
1374,schuhe,shoes
1375,sarah,Sarah
1376,glückwunsch,congratulations
1377,niemandem,no one
1378,gibst,give
1379,statt,instead of
1380,übernehmen,take over
1381,gegend,area
1382,wald,forest
1383,al,al
1384,la,la
1385,nimmst,take
1386,danny,Danny
1387,erkennen,recognize
1388,glas,glass
1389,falsche,false
1390,verantwortlich,responsible
1391,jesus,Jesus
1392,stöhnt,moans
1393,herein,in
1394,kleid,a dress
1395,zerstören,destroy
1396,jawohl,yes indeed
1397,london,London
1398,gegessen,eaten
1399,abendessen,dinner
1400,gesetz,law
1401,gemeinsam,together
1402,geholfen,helped
1403,erster,first
1404,wohnt,lives
1405,schritt,step
1406,guck,look
1407,nahe,vicinity
1408,aussieht,looks like
1409,beginnen,start
1410,dachten,thought
1411,band,band
1412,ungefähr,approximately
1413,aufgabe,task
1414,neun,nine
1415,furchtbar,terrible
1416,drinnen,inside
1417,zuvor,before
1418,charles,Charles
1419,freue,am happy
1420,amerika,America
1421,übrig,left over
1422,spur,track
1423,falschen,false
1424,sergeant,sergeant
1425,melden,report
1426,helfe,help
1427,werfen,throw
1428,bill,bill
1429,haltet,hold
1430,erinnert,remembers
1431,hängt,hangs
1432,freude,joy
1433,ehemann,husband
1434,erschossen,shot
1435,verzeihen,pardon
1436,schwein,pig
1437,uh,uh
1438,monster,monster
1439,entschieden,decided
1440,mission,mission
1441,verdammten,damned
1442,brauch,need
1443,gewusst,known
1444,vorne,in front
1445,stopp,stop
1446,übel,bad
1447,schlampe,slut
1448,schöner,more beautiful
1449,adresse,address
1450,unsinn,nonsense
1451,messer,knife
1452,gesund,healthy
1453,respekt,respect
1454,pro,per
1455,leisten,afford
1456,davor,before
1457,richard,Richard
1458,bedeuten,mean
1459,ball,ball
1460,mitnehmen,take along
1461,gespielt,played
1462,to,to
1463,schwierigkeiten,difficulties
1464,hälfte,half
1465,kannte,knew
1466,stehe,stand
1467,maria,Mary
1468,planeten,planets
1469,schwanger,pregnant
1470,gruppe,group
1471,anna,Anna
1472,verhaftet,arrested
1473,deal,deal
1474,seines,his
1475,irgendwelche,any
1476,händen,hands
1477,versteht,understands
1478,drehen,turn
1479,eis,ice
1480,danken,thank
1481,erfolg,success
1482,zufrieden,satisfied
1483,schließen,close
1484,besorgen,obtain
1485,wochenende,weekend
1486,worüber,about what
1487,stimmen,voices
1488,nehmt,take
1489,martin,Martin
1490,m,m
1491,witze,jokes
1492,beine,legs
1493,verbrechen,crime
1494,bericht,report
1495,nachts,at night
1496,eurer,your
1497,prinzessin,princess
1498,schmerz,pain
1499,klingelt,rings
1500,position,position
1501,echte,real
1502,gleichen,same
1503,fernsehen,TV
1504,wünsche,wishes
1505,schließlich,finally
1506,gefangen,caught
1507,schätzchen,baby
1508,seh,see
1509,schwierig,difficult
1510,angebot,offer
1511,nah,close
1512,jane,Jane
1513,gewartet,waited
1514,kümmert,cares
1515,ring,ring
1516,rennen,run
1517,lied,song
1518,eier,eggs
1519,welchen,which
1520,sorry,sorry
1521,fantastisch,fantastic
1522,schaut,looks
1523,hielt,held
1524,falle,trap
1525,drink,drink
1526,insel,island
1527,dauern,last
1528,daher,therefore
1529,zufällig,randomly
1530,dorf,village
1531,clark,Clark
1532,bewegt,moved
1533,mitten,middle
1534,bullen,bulls
1535,feind,enemy
1536,einverstanden,agreed
1537,neuer,newer
1538,bauen,build
1539,trägt,carries
1540,hängen,hang
1541,freunden,friends
1542,deren,whose
1543,halb,half
1544,verpasst,missed
1545,sprach,spoke
1546,leise,quiet
1547,armen,poor
1548,wusstest,knew
1549,fanden,found
1550,unternehmen,company
1551,träume,dreams
1552,schläft,sleeps
1553,kostet,costs
1554,spiele,games
1555,unseres,our
1556,entlang,along
1557,johnny,Johnny
1558,versprechen,promise
1559,tiere,animals
1560,freiheit,freedom
1561,verdienen,earn
1562,aha,Aha
1563,unterhalten,entertain
1564,eingeladen,invited
1565,schaden,damage
1566,genannt,called
1567,beenden,finish
1568,ray,ray
1569,geändert,changed
1570,thomas,Thomas
1571,lächerlich,ridiculous
1572,geschlagen,beaten
1573,park,park
1574,schätzen,treasure
1575,männern,men
1576,t,t
1577,beginnt,begins
1578,ehren,honor
1579,größte,largest
1580,energie,energy
1581,fleisch,meat
1582,besonderes,special
1583,besteht,consists
1584,reichen,are sufficient
1585,robert,Robert
1586,zeitung,newspaper
1587,worum,what
1588,nachgedacht,thought about
1589,betrunken,drunk
1590,sowas,like this
1591,patienten,patients
1592,gespräch,conversation
1593,leiden,suffer
1594,taxi,taxi
1595,tötet,kills
1596,see,lake
1597,unterschied,difference
1598,wind,wind
1599,singt,sings
1600,schreien,scream
1601,daniel,Daniel
1602,sahen,saw
1603,wand,wall
1604,bus,bus
1605,lhre,Your
1606,angriff,attack
1607,verhalten,behave
1608,loch,hole
1609,interesse,interest
1610,treten,step
1611,quatsch,nonsense
1612,trifft,meets
1613,polizist,policeman
1614,blumen,flowers
1615,neuigkeiten,news
1616,bringst,bring
1617,flasche,bottle
1618,rief,called
1619,schuss,shot
1620,fassen,grasp
1621,meer,sea
1622,konntest,could
1623,schafft,creates
1624,maschine,machine
1625,spreche,speak
1626,bein,leg
1627,eddie,Eddie
1628,bekommst,get
1629,verbringen,spend
1630,bücher,books
1631,blöd,stupid
1632,frühstück,breakfast
1633,tommy,Tommy
1634,meter,meter
1635,bilder,pictures
1636,aufpassen,watch out
1637,claire,Claire
1638,dessen,whose
1639,muß,must
1640,freuen,be happy
1641,engel,angel
1642,offenbar,apparently
1643,gelegenheit,opportunity
1644,fang,catch
1645,lüge,lie
1646,ohren,ears
1647,au,ouch
1648,angetan,impressed
1649,beeil,hurry
1650,brechen,break
1651,brüder,brothers
1652,zeitpunkt,time
1653,keinem,no one
1655,brücke,bridge
1656,druck,pressure
1657,mitgebracht,brought along
1658,seufzt,sighs
1659,date,date
1660,haufen,heap
1661,oma,granny
1662,auftrag,order
1663,leer,empty
1664,entkommen,escape
1665,bobby,Bobby
1666,weißen,white
1667,lösung,solution
1668,wart,wait
1669,pause,pause
1670,irre,crazy
1671,gestellt,placed
1672,keller,cellar
1673,gebrochen,broken
1674,weinen,cry
1675,nutzen,to use
1676,wünschen,wish
1677,fragt,asks
1678,maul,mouth
1679,verantwortung,responsibility
1680,schloss,lock
1681,hut,hat
1682,lächeln,smile
1683,ryan,Ryan
1684,red,red
1685,grad,degree
1686,zweiten,second
1687,hinaus,beyond
1688,mitkommen,come along
1689,vorhin,earlier
1690,fahrt,drive
1691,gemeint,meant
1692,ernsthaft,seriously
1693,gebaut,built
1694,bombe,bomb
1695,hasst,hates
1696,versteh,understand
1697,kosten,cost
1698,zeige,show
1699,traf,met
1700,eigenes,own
1701,haar,hair
1702,fragte,asked
1703,jason,Jason
1704,operation,operation
1705,befehle,commands
1706,schmerzen,pains
1707,erklärt,explained
1708,steve,Steve
1709,dach,roof
1710,folge,consequence
1711,gelaufen,run
1712,schwarze,black
1713,dankbar,thankful
1714,gehirn,brain
1715,töte,kill
1716,mädels,girls
1717,mut,courage
1718,heilige,holy
1719,laura,Laura
1720,tier,animal
1721,system,system
1722,mannes,man's
1723,wahnsinn,craziness
1724,nee,no
1725,rose,rose
1726,club,club
1727,geschlossen,closed
1728,hintern,butt
1729,is,is
1730,thema,theme
1731,fiel,fell
1732,gehalten,held
1733,dorthin,there
1734,urlaub,vacation
1735,steig,climb
1736,vorwärts,forward
1737,überprüfen,check
1738,besseres,better
1739,beweis,proof
1740,baum,tree
1741,gebt,give
1742,funktionieren,function
1743,anscheinend,apparently
1744,lehrer,teacher
1745,hoffen,hope
1746,bessere,better
1747,isst,eats
1748,nachmittag,afternoon
1749,nem,nem
1750,risiko,risk
1751,chuck,Chuck
1752,knast,prison
1753,entschuldigt,excused
1754,gilt,applies
1755,held,hero
1756,daraus,from it
1757,erstes,first
1758,fräulein,miss
1759,rachel,Rachel
1760,prima,great
1761,brauchte,needed
1762,gewalt,force
1763,dean,dean
1764,liebes,Dear
1765,schaffst,create
1766,nachdenken,ponder
1767,tor,goal
1768,erfahrung,experience
1769,pläne,plans
1770,jagen,hunting
1771,katze,cat
1772,runde,round
1773,deutsche,German
1774,schwanz,tail
1775,taten,did
1776,lord,lord
1777,dringend,urgent
1778,commander,commander
1779,großvater,grandfather
1780,sommer,summer
1781,gezeigt,shown
1782,hinterlassen,leave behind
1783,gewissen,conscience
1784,getrunken,drunk
1785,wahre,true
1786,luke,hatch
1787,kunden,customers
1788,kate,Kate
1789,zeugen,witness
1790,geplant,planned
1791,amanda,Amanda
1792,erreicht,reached
1793,stören,disturb
1794,stein,stone
1795,atmen,breathe
1796,hose,pants
1797,weiße,white
1798,sprichst,speak
1799,größer,larger
1800,schickt,sends
1801,city,City
1802,prinz,prince
1803,behandelt,treated
1804,tote,dead
1805,überlegen,superior
1806,karten,cards
1807,it,it
1808,d,d
1809,restaurant,restaurant
1810,welchem,which
1811,roger,Roger
1812,natur,nature
1813,carter,Carter
1814,emily,Emily
1815,mami,mommy
1816,verschwindet,disappears
1817,lautet,is
1818,streit,dispute
1819,küssen,kiss
1820,sprich,speak
1821,längst,long ago
1822,fängt,catches
1823,drüber,over it
1824,gingen,went
1825,erlaubt,allowed
1826,einzigen,only
1827,bad,bathroom
1828,schmeckt,tastes
1829,kugel,bullet
1830,normalerweise,normally
1831,schwarzen,black
1832,rauf,up
1833,flug,flight
1834,beruhigen,calm
1835,walter,Walter
1836,halbe,half
1837,dan,Dan
1838,geschieht,happens
1839,einiges,some
1840,entdeckt,discovered
1841,morgens,morning
1842,schlechter,worse
1843,vollkommen,completely
1844,gelogen,lied
1845,verfolgt,pursued
1846,college,college
1847,weiteren,further
1848,chris,Chris
1849,louis,Louis
1850,eh,eh
1851,schwert,sword
1852,hunde,dogs
1853,steigen,climb
1854,verdammter,damned
1855,dürfte,should
1856,riecht,smells
1857,labor,laboratory
1858,bat,asked
1859,tim,tim
1860,arthur,Arthur
1861,mindestens,at least
1862,fisch,fish
1863,eurem,your
1864,füße,feet
1865,stehst,stand
1866,erschießen,shoot
1867,kuchen,cake
1868,versuchte,tried
1869,zustand,condition
1870,wunsch,wish
1871,gäste,guests
1872,erwähnt,mentioned
1873,farbe,color
1874,van,van
1875,einigen,some
1876,zufall,coincidence
1877,garten,garden
1878,junger,younger
1879,autos,cars
1880,abgesehen,apart
1881,fair,fair
1882,vertraut,trusted
1883,koffer,suitcase
1884,hieß,was called
1885,kurs,course
1886,wirkt,works
1887,idioten,idiots
1888,netter,nicer
1889,seitdem,since
1890,angegriffen,attacked
1891,geschichten,stories
1892,wahnsinnig,insane
1893,ähnlich,similar
1894,lily,lily
1895,aufgeben,give up
1896,england,England
1897,entführt,kidnapped
1898,ms.,ms.
1899,mistkerl,bastard
1900,solchen,such
1901,ner,ner
1902,geschossen,shot
1903,lager,warehouse
1904,besprechen,discuss
1905,reihe,row
1906,polizisten,police officers
1907,vogel,bird
1908,legt,lays
1909,strand,beach
1910,amerikaner,American
1911,schwarz,black
1912,fern,remote
1913,fick,fuck
1914,scherz,joke
1915,san,san
1916,erzählte,told
1917,wichser,wanker
1918,jake,Jake
1919,langweilig,boring
1920,womit,with which
1921,geschäfte,shops
1922,my,my
1923,kapiert,got it
1924,nachher,afterward
1925,verlangt,required
1926,schlägt,beats
1927,überzeugt,convinced
1928,irgendjemand,anyone
1929,rot,red
1930,soldat,soldier
1931,vorbereitet,prepared
1932,geschah,happened
1933,reisen,travel
1934,termin,appointment
1935,gang,gang
1936,stehlen,steal
1937,rechte,right
1938,rache,revenge
1939,bemerkt,noticed
1940,frankreich,France
1941,stört,bothers
1942,radio,radio
1943,beruhige,calm down
1944,pferde,horses
1945,vertrag,contract
1946,arbeitest,work
1947,dienst,service
1948,zählt,counts
1949,fragst,ask
1950,wesen,being
1951,bürgermeister,mayor
1952,emma,Emma
1953,fluss,flow
1954,woran,what
1955,geblieben,remained
1956,durcheinander,mixed up
1957,me,me
1958,ted,ted
1959,nette,nice
1960,test,test
1961,mister,mister
1962,dadurch,through this
1963,direktor,director
1964,wichtiger,more important
1965,kevin,Kevin
1966,scott,Scott
1967,karriere,career
1968,akte,file
1969,erinnerung,memory
1970,großmutter,grandmother
1971,erzähle,tell
1972,lösen,solve
1973,bravo,Bravo
1974,griff,handle
1975,verfolgen,track
1976,zweifel,doubt
1977,such,search
1978,sprache,language
1979,nerven,annoy
1980,officer,officer
1981,andy,Andy
1982,langer,long
1983,ziehe,pull
1984,entlassen,dismissed
1985,zweimal,twice
1986,abholen,pick up
1987,washington,Washington
1988,kollegen,colleagues
1989,doc,doc
1990,fass,barrel
1991,szene,scene
1992,robin,robin
1993,scheinen,seem
1994,bösen,evil
1995,schaffe,create
1996,pflicht,duty
1997,wache,guard
1998,neulich,recently
1999,beeilen,hurry up
2000,knie,knee
2001,alice,Alice
2002,lauter,louder
2003,spannende,exciting
2004,unschuldig,innocent
2005,folgt,follows
2006,schutz,protection
2007,weshalb,for what reason
2008,geheiratet,married
2009,woanders,elsewhere
2010,wurdest,were
2011,kuss,kiss
2012,verhindern,impede
2013,erklärung,explanation
2014,video,video
2015,rom,Rome
2016,klug,smart
2017,kräfte,forces
2018,verlangen,demand
2019,außerhalb,outside
2020,opa,grandpa
2021,selbstverständlich,of course
2022,aufstehen,stand up
2023,hassen,hate
2024,pete,pete
2025,gebrauchen,use
2026,geglaubt,believed
2027,milch,milk
2028,trink,drink
2029,gefeuert,fired
2030,erinnerungen,memories
2031,müssten,would have to
2032,suchst,looking for
2033,fährst,drive
2034,kochen,cook
2035,schwach,weak
2036,schreibt,writes
2037,schulden,debts
2038,hinein,into
2039,grenze,border
2040,braut,bride
2041,gebraucht,needed
2042,peinlich,awkward
2043,klappt,works
2044,geheimnisse,secrets
2045,joey,joey
2046,aufmerksamkeit,attention
2047,form,form
2048,umsonst,for free
2049,kennenzulernen,to get to know
2050,überlebt,survived
2051,nirgendwo,nowhere
2052,meilen,miles
2053,einfacher,easier
2054,blöde,stupid
2055,mond,moon
2056,ergibt,results
2057,daten,data
2058,merken,remember
2059,schande,shame
2060,fuck,fuck
2061,fühlte,felt
2062,jenny,Jenny
2063,sieg,victory
2064,satt,full
2065,blödsinn,nonsense
2066,adam,Adam
2067,lisa,Lisa
2068,pfund,pound
2069,handeln,act
2070,lois,lois
2071,enden,end
2072,warm,warm
2073,raten,guess
2074,übersetzung,translation
2075,kunst,art
2076,kapitän,captain
2077,desto,the more
2078,einsatz,mission
2079,schweigen,be silent
2080,krankheit,illness
2081,toller,great
2082,schatten,shadow
2083,wachen,wake
2084,tatsache,fact
2085,eric,Eric
2086,stock,stock
2087,chief,chief
2088,hingehen,go there
2089,verboten,forbidden
2090,gäbe,would exist
2091,anzug,men's suit
2092,leichen,corpses
2093,high,high
2094,beendet,finished
2095,freitag,Friday
2096,million,million
2097,verflucht,cursed
2098,dunkel,dark
2099,geb,born
2100,enttäuscht,disappointed
2101,klopfen,knock
2102,spuren,sense
2103,dreck,dirt
2104,seiten,pages
2105,mühe,effort
2106,gezogen,pulled
2107,brian,Brian
2108,kontrollieren,control
2109,knochen,bone
2110,schick,chic
2111,getrennt,separated
2112,programm,program
2113,grab,grave
2114,ebenso,as well
2115,trage,wear
2116,nachbarn,neighbors
2117,bieten,offer
2118,bestes,best
2119,elizabeth,Elizabeth
2120,fuhr,drove
2121,verlässt,leaves
2122,freundlich,friendly
2123,dennoch,nonetheless
2124,rauchen,smoke
2125,dick,thick
2126,stuhl,chair
2127,dreh,turn
2128,bester,best
2129,schicke,chic
2130,vergeben,forgive
2131,ausgehen,go out
2132,behandeln,treat
2133,trotz,despite
2134,gast,guest
2135,ändert,changes
2136,passierte,happened
2137,toilette,toilet
2138,annehmen,assume
2139,herzlichen,cordial
2140,hexe,witch
2141,erwachsen,adult
2142,jerry,Jerry
2143,pistole,gun
2144,saß,sat
2145,dreht,turns
2146,aussage,expression
2147,liebte,loved
2148,street,street
2149,genießen,enjoy
2150,eifersüchtig,jealous
2151,derjenige,the one
2152,teuer,expensive
2153,leo,Leo
2154,zähne,teeth
2155,beobachtet,observed
2156,gentlemen,gentlemen
2157,wählen,choose
2158,helft,help
2159,fliegt,flies
2160,theater,theater
2161,regen,rain
2162,feinde,enemies
2163,william,William
2164,erlauben,allow
2165,zulassen,allow
2166,schnappen,grab
2167,komplett,completely
2168,panik,panic
2169,flughafen,airport
2170,bewusst,consciously
2171,deutschen,German
2172,voraus,in advance
2173,sterbe,die
2174,solltet,should
2175,begleiten,accompany
2176,einander,each other
2177,fred,Fred
2178,erlebt,experienced
2179,weiterhin,furthermore
2180,stärker,stronger
2181,fahrer,driver
2182,konzentrieren,focus
2183,streiten,argue
2184,angeht,concerning
2185,selben,same
2186,star,star
2187,überzeugen,convince
2188,alkohol,alcohol
2189,übersetzt,translated
2190,verrückte,crazy
2191,lch,l
2192,king,king
2193,begann,began
2194,angenommen,assumed
2195,weitermachen,continue
2196,echter,real
2197,jackson,Jackson
2198,post,post
2199,mitgenommen,taken away
2200,botschaft,message
2201,ideen,ideas
2202,fehlen,miss
2203,aufgeregt,upset
2204,selbstmord,suicide
2205,dumme,stupid
2206,zurückkommen,come back
2207,irgendein,any
2208,magie,magic
2209,phil,phil
2210,schlage,hit
2211,handelt,acts
2212,treffe,meet
2213,untersuchen,investigate
2214,flucht,escape
2215,verliert,loses
2216,irgendeine,any
2217,gegenteil,opposite
2218,betrifft,regards
2219,scharf,sharp
2220,gehofft,hoped
2221,kennengelernt,met
2222,schlimmste,worst
2223,projekt,project
2224,trottel,idiot
2225,immerhin,anyway
2226,mehrere,several
2227,erwarte,expect
2228,mochte,want
2229,schwimmen,to swim
2230,zählen,to count
2231,innerhalb,within
2232,matt,frosted
2233,blind,blind
2234,schwestern,sisters
2235,code,code
2236,alan,Alan
2237,schlau,clever
2238,absicht,intention
2239,barry,Barry
2240,spielst,play
2241,zuletzt,last
2242,oliver,Oliver
2243,art.,art.
2244,englisch,English
2245,ohr,ear
2246,verletzen,injure
2247,song,song
2248,schüler,pupils
2249,schien,seemed
2250,gewinnt,wins
2251,älter,older
2252,merkwürdig,unusual
2253,judy,Judy
2254,vermisse,miss
2255,größe,size
2256,tritt,occurs
2257,trauen,trust
2258,präsidenten,presidents
2259,trick,trick
2260,harvey,Harvey
2261,doug,Doug
2262,roten,redden
2263,überlegt,considered
2264,größten,largest
2265,sonntag,Sunday
2266,zwölf,twelve
2267,vorstellung,performance
2268,schrieb,wrote
2269,reinkommen,come in
2270,killer,killer
2271,unterstützung,support
2272,antun,do to
2273,rechnung,invoice
2274,dieselbe,the same
2275,verändern,change
2276,möglicherweise,possibly
2277,definitiv,definitely
2278,locker,loose
2279,ed,ed
2280,vincent,Vincent
2281,ums,about
2282,abends,at evening
2283,frisch,fresh
2284,kohle,money
2285,fing,caught
2286,hure,whore
2287,cousin,cousin
2288,familien,families
2289,einsam,lonely
2290,lebendig,lively
2291,heiligen,holy
2292,knapp,meager
2293,ebenfalls,also
2294,überprüft,checked
2295,artikel,article
2296,gesetzt,set
2297,jederzeit,anytime
2298,kompliziert,complicated
2299,spüren,sense
2300,signal,signal
2301,amy,Amy
2302,stich,engraving
2303,kino,cinema
2304,probieren,try out
2305,tode,death
2306,wundervoll,wonderful
2307,tanz,dance
2308,geöffnet,open
2309,kerle,guys
2310,begraben,buried
2311,prozent,percent
2312,stoppen,stop
2313,hoheit,sovereignty
2314,riesen,giant
2315,rote,redness
2316,zugang,access
2317,liest,reads
2318,vorn,front
2319,wichtige,important
2320,aufmachen,open up
2321,kelly,Kelly
2322,sexy,sexy
2323,erlaubnis,permission
2324,grace,grace
2325,big,big
2326,story,story
2327,madam,madam
2328,leichter,lighter
2329,halben,half
2330,filme,films
2331,priester,priest
2332,herauszufinden,to find out
2333,packen,pack
2334,dritte,third
2335,inzwischen,in the meantime
2336,larry,Larry
2337,presse,press
2338,sitze,seats
2339,machten,made
2340,geklaut,stolen
2341,helden,heroes
2342,susan,Susan
2343,geduld,patience
2344,bühne,stage
2345,reparieren,repair
2346,hä,hey
2347,usa,USA
2348,gerechtigkeit,justice
2349,fälle,cases
2350,selten,rarely
2351,anrufe,calls
2352,unterschreiben,sign
2353,julia,Julia
2354,drücken,press
2355,mrs,Mrs.
2356,lügner,liar
2357,endet,ends
2358,dave,Dave
2359,medizin,medicine
2360,schreibe,write
2361,verhaften,arrest
2362,prozess,process
2363,samstag,Saturday
2364,amen,Amen
2365,motor,motor
2366,marie,Marie
2367,abhauen,run away
2368,chaos,chaos
2369,schönheit,beauty
2370,beinahe,almost
2371,lebst,live
2372,tolles,great
2373,anhalten,stop
2374,fremden,strangers
2375,hof,courtyard
2376,akzeptieren,accept
2377,norden,north
2378,ärzte,doctors
2379,anziehen,put on 
2380,dingen,things
2381,umgehen,evade
2382,bauch,belly
2383,gesamte,entire
2384,hübsche,pretty
2385,ertragen,bear
2386,kiste,box
2387,brennt,burns
2388,teile,parts
2389,deckung,cover
2390,landen,land
2391,berg,mountain
2392,straßen,streets
2393,aufgenommen,recorded
2394,gerufen,called
2395,untersuchung,investigation
2396,alarm,alarm
2397,blieb,remained
2398,vertraue,trust
2399,extra,extra
2400,entspann,relax
2401,beobachten,observe
2402,eindruck,impression
2403,tschüs,bye
2404,babys,babies
2405,wehtun,hurt
2406,zog,pulled
2407,iss,iss
2408,herrgott,lord
2409,echten,real
2410,springen,jump
2411,nackt,naked
2412,existiert,exists
2413,befreien,free
2414,gerät,device
2415,montag,Monday
2416,gezwungen,forced
2417,perfekte,perfect
2418,erzählst,tell
2419,bastard,bastard
2420,interessieren,interested
2421,schlechten,bad
2422,hank,Hank
2423,steigt,rises
2424,st.,St.
2425,on,on
2426,carl,Carl
2427,gekriegt,got
2428,fliehen,flee
2429,trug,wore
2430,freundschaft,friendship
2431,rate,rate
2432,papiere,papers
2433,abgeschlossen,completed
2434,schnauze,snout
2435,beruf,profession
2436,gebiet,area
2437,jeff,Jeff
2438,jedoch,however
2439,beten,pray
2440,verbunden,tied together
2441,sprachen,languages
2442,verräter,traitor
2443,wichtigste,most important
2444,prost,cheers
2445,brust,breast
2446,aufgehört,stopped
2447,kleider,dresses
2448,jacke,jacket
2449,bestellt,ordered
2450,herkommen,come here
2451,wild,wild
2452,nenne,name
2453,angesehen,viewed
2454,zuhören,listen
2455,trennen,separate
2456,schlafzimmer,bedroom
2457,vorschlag,suggestion
2458,meins,mine
2459,gift,poison
2460,ton,clay
2461,vermissen,miss
2462,angekommen,arrived
2463,beantworten,answer
2464,deutlich,clearly
2465,träumen,dream
2466,verwirrt,confused
2467,akten,files
2468,riskieren,risk
2469,b,b
2470,victor,Victor
2471,find,find
2472,erkannt,recognized
2473,beerdigung,burial
2474,müll,garbage
2475,weisst,know
2476,möge,may
2477,stellte,presented
2478,mitte,center
2479,erleben,experience
2480,geburt,birth
2481,decke,ceiling
2482,chffff,chffff
2483,wege,ways
2484,schritte,steps
2485,gibts,there is
2486,gemeldet,reported
2487,hilfst,help
2488,mittagessen,lunch
2489,weint,cries
2490,vernichten,destroy
2491,rock,rock
2492,chicago,Chicago
2493,ellen,Ellen
2494,crew,crew
2495,roy,Roy
2496,türen,doors
2497,gewehr,gun
2498,elena,Elena
2499,arbeitete,worked
2500,spiegel,mirror
2501,hauen,hit
2502,geraten,advised
2503,dritten,third
2504,ross,horse
2505,julie,Julie
2506,wetter,weather
2507,schwul,gay
2508,regel,rule
2509,befindet,is located
2510,einheit,unit
2511,german,German
2512,armer,poor
2513,gucken,look
2514,anstatt,instead of
2515,champagner,champagne
2516,gründe,reasons
2517,strafe,penalty
2518,smith,smith
2519,öfter,more often
2520,anne,Anne
2521,zelle,cell
2522,langen,long
2523,altes,old
2524,ruiniert,ruined
2525,jonathan,Jonathan
2526,kleidung,clothing
2527,gras,grass
2528,kenn,know
2529,agenten,agents
2530,herausgefunden,found out
2531,annie,Annie
2532,rechten,right
2533,brot,bread
2534,berlin,Berlin
2535,erfreut,pleased
2536,lügt,lies
2537,nehm,take
2538,harte,hardness
2539,staaten,states
2540,station,station
2541,gaben,gave
2542,hinterher,afterwards
2543,verpassen,miss
2544,geholt,fetched
2545,jesse,Jesse
2546,hemd,shirt
2547,trinke,drink
2548,klären,clear up
2549,praktisch,practical
2550,theorie,theory
2551,zunge,tongue
2552,notfall,emergency
2553,besseren,better
2554,winter,winter
2555,c,c
2556,versuchst,try
2557,dahinter,behind
2558,schwere,heavy
2559,feuern,fire
2560,lucy,Lucy
2561,schießt,shoots
2562,anführer,leader
2563,schief,wrong
2564,blau,blue
2565,bestens,excellent
2566,wartest,wait
2567,gehts,let's go
2568,morgan,Morgan
2569,unrecht,wrong
2570,leck,leak
2571,wonach,what
2572,entwickelt,developed
2573,bedeutung,meaning
2574,strom,electricity
2575,krebs,cancer
2576,gemein,mean
2577,wessen,whose
2578,minister,minister
2579,lhnen,you
2580,quelle,source
2581,zahl,number
2582,schiffe,ships
2583,schüsse,shots
2584,bricht,breaks
2585,talent,talent
2586,spitze,great
2587,fernseher,TV
2588,treiben,to drive
2589,ausgezeichnet,excellent
2590,tatort,crime scene
2591,möglichkeiten,possibilities
2592,trinkt,drinks
2593,esse,eat
2594,cop,cop
2595,details,details
2596,täter,perpetrator
2597,wahren,preserve
2598,dieb,thief
2599,offiziell,officially
2600,dienen,serve
2601,westen,west
2602,entscheidungen,decisions
2603,dauernd,constantly
2604,geschmack,taste
2605,gegenseitig,each other
2606,gewählt,chosen
2607,charlotte,Charlotte
2608,pech,bad luck
2609,verteidigen,defend
2610,schauspieler,actor
2611,personen,persons
2612,überlassen,leave
2613,publikum,audience
2614,trägst,wear
2615,wechseln,change
2616,begegnet,encountered
2617,betrogen,cheated
2618,besucht,visited
2619,vertrau,trust
2620,europa,Europe
2621,carrie,Carrie
2622,patrick,Patrick
2623,deutschland,Germany
2624,süßer,sweeter
2625,loswerden,get rid of
2626,melde,report
2627,maggie,Maggie
2628,bestätigt,confirmed
2629,gas,gas
2630,sturm,storm
2631,setze,set
2632,briefe,letters
2633,,zero
2634,penny,penny
2635,schlafe,temple
2636,wirken,works
2637,geführt,led
2638,starten,start
2639,götter,gods
2640,festhalten,hold onto
2641,geheim,secret
2642,übergeben,hand over
2643,cia,cia
2644,abteilung,department
2645,papier,paper
2646,wetten,bet
2647,gefolgt,followed
2648,verschiedene,different
2649,gleichzeitig,at the same time
2650,genie,genius
2651,hungrig,hungry
2652,inspektor,inspector
2653,zwingen,force
2654,atmet,breathes
2655,kuh,cow
2656,unterstützen,support
2657,geworfen,thrown
2658,verlor,lost
2659,süden,south
2660,pater,father
2661,menschheit,humanity
2662,versteck,hiding place
2663,tötete,killed
2664,fähigkeiten,skills
2665,beruhigt,calms
2666,rechtzeitig,punctual
2667,streng,strictly
2668,sendung,broadcast
2669,gelebt,lived
2670,treppe,stairs
2671,kim,Kim
2672,richtiger,correct
2673,aufnehmen,to record
2674,wolf,wolf
2675,pa,pa
2676,öffnet,opens
2677,dämon,demon
2678,wut,fury
2679,schlange,snake
2680,medikamente,medication
2681,geschenkt,gifted
2682,nenn,nominal
2683,gelegt,laid
2684,anfassen,touch
2685,pizza,pizza
2686,schlechtes,bad
2687,hütte,hut
2688,mantel,a coat
2689,behauptet,claims
2690,kilometer,kilometers
2691,beeilung,hurry
2692,angeblich,allegedly
2693,reiten,ride
2694,helen,Helen
2695,mittag,midday
2696,gewarnt,warned
2697,wohne,live
2698,las,read
2699,dunkelheit,darkness
2700,spazieren,stroll
2701,angel,angel
2702,hiermit,hereby
2703,schließt,closes
2704,phoebe,Phoebe
2705,vieles,many things
2706,erfüllt,fulfilled
2707,tausend,thousand
2708,sack,bag
2709,eindeutig,clearly
2710,unterhaltung,entertainment
2711,gründen,found
2712,km,km
2713,zugeben,admit
2714,mittel,medium
2715,explosion,explosion
2716,gefangenen,prisoners
2717,taylor,Taylor
2718,frische,fresh
2719,verdächtigen,suspect
2720,neugierig,curious
2721,leitung,line
2722,kennenlernen,get to know
2723,fliege,fly
2724,lebte,lived
2725,menschliche,human
2726,anderem,among other things
2727,auseinander,apart
2728,fressen,eat
2729,beides,both
2730,ficken,fuck
2731,stoff,material
2732,spüre,feel
2733,eilig,hurry
2734,stammt,comes from
2735,vorgestellt,presented
2736,linda,Linda
2737,welch,which
2738,wichtiges,important
2739,no,no
2740,gehörte,belonged
2741,mhm,mmm
2742,glaubte,believed
2743,oberst,colonel
2744,schrank,wardrobe
2745,fremde,foreign
2746,gnade,grace
2747,chloe,Chloe
2748,yo,yo
2749,entspannen,relax
2750,virus,virus
2751,schläfst,sleep
2752,einladung,invitation
2753,krieger,warrior
2754,vernünftig,reasonable
2755,fein,fine
2756,greifen,grab
2757,whoa,whoa
2758,kyle,Kyle
2759,schickte,sent
2760,per,by
2761,mitglied,member
2762,einziger,only
2763,umzubringen,to kill
2764,zurückkehren,return
2765,feld,field
2766,mexiko,Mexico
2767,erschaffen,create
2768,information,information
2769,hergekommen,came here
2770,beweg,move
2771,stärke,strength
2772,vermögen,assets
2773,verbracht,spent
2774,gewisse,certain
2775,waschen,wash
2776,howard,Howard
2777,staat,state
2778,geister,ghosts
2779,behaupten,claim
2780,schrei,scream
2781,würdet,would
2782,vögel,birds
2783,warnen,warn
2784,albert,Albert
2785,chancen,opportunities
2786,treibt,drives
2787,nannte,called
2788,vermute,suspect
2789,mitternacht,midnight
2790,jones,Jones
2791,freundinnen,girlfriends
2792,lecker,yummy
2793,klinik,clinic
2794,dicht,tight
2795,befinden,condition
2796,ließen,let
2797,bürger,citizens
2798,verursacht,caused
2799,hammer,hammer
2800,klang,sound
2801,internet,Internet
2802,aufregend,exciting
2803,grenzen,borders
2804,politik,policy
2805,superman,Superman
2806,zurecht,rightly
2807,besitz,possession
2808,cops,cops
2809,eingesperrt,locked up
2810,irren,err
2811,kommando,command
2812,schlug,hit
2813,krankenwagen,ambulance
2814,love,love
2815,öffne,open
2816,karen,Karen
2817,richten,direct
2818,mademoiselle,Mademoiselle
2819,erfunden,invented
2820,schnee,snow
2821,fühl,feel
2822,behalte,keep
2823,beschützt,protected
2824,punkte,points
2825,entfernen,remove
2826,abgehauen,ran away
2827,geträumt,dreamed
2828,stefan,Stefan
2829,dämonen,demons
2830,tränen,tears
2831,erfolgreich,successful
2832,volle,full
2833,wilson,Wilson
2834,caroline,Caroline
2835,höher,higher
2836,happy,happy
2837,brille,glasses
2838,musstest,had to
2839,heimat,hometown
2840,terry,Terry
2841,liebsten,dearest
2842,bye,bye
2843,leiter,director
2844,sean,Sean
2845,kauf,purchase
2846,spinnst,crazy
2847,werk,factory
2848,cent,cent
2849,schlacht,battle
2850,beziehungen,relationships
2851,abgemacht,agreed
2852,schreie,scream
2853,hmm,hmm
2854,bestätigen,confirm
2855,erschreckt,frightened
2856,offizier,officer
2857,that,that
2858,sara,Sarah
2859,affäre,affair
2860,empfangen,received
2861,zweck,purpose
2862,kämpfe,fights
2863,ergeben,result
2864,china,China
2865,fange,catch
2866,häuser,houses
2867,gedanke,thought
2868,tausende,thousands
2869,heutzutage,nowadays
2870,gefühlt,felt
2871,schnitt,cut
2872,carlos,Carlos
2873,harold,Harold
2874,lebend,live
2875,real,real
2876,holz,wood
2877,kaiser,emperor
2878,spielte,played
2879,begonnen,started
2880,ziehst,pull
2881,gelandet,landed
2882,scheidung,divorce
2883,bart,beard
2884,beschlossen,decided
2885,klo,toilet
2886,riechen,smell
2887,vergisst,forgets
2888,begeistert,enthusiastic
2889,ei,egg
2890,durchs,through
2891,geil,cool
2892,nieder,low
2893,erkläre,explain
2894,schreckliche,terrible
2895,beeindruckt,impressed
2896,vince,Vince
2897,aufgegeben,abandoned
2898,aufgrund,because of
2899,momentan,at the moment
2900,solch,such
2901,meistens,mostly
2902,stress,stress
2903,sterne,stars
2904,heilen,heal
2905,soviel,so much
2906,kannten,knew
2907,stattdessen,instead
2908,aye,aye
2910,stimmung,mood
2911,bulle,bull
2912,aufgefallen,noticed
2913,kämpft,fights
2914,geräusch,noise
2915,künstler,artist
2916,wachsen,grow
2917,verurteilt,sentenced
2918,himmels,heaven
2919,tyler,Tyler
2920,urteil,verdict
2921,schweine,pigs
2922,nettes,nice
2923,house,house
2924,verlust,loss
2925,verließ,left
2926,wirf,throw
2927,wenige,few
2928,willie,Willie
2929,schulter,shoulder
2930,kalifornien,California
2931,lernt,learns
2932,beigebracht,taught
2933,normale,normal
2934,anbieten,offer
2935,verwenden,use
2936,gratuliere,congratulations
2937,fluch,curse
2938,rick,rick
2939,übers,over
2940,grün,green
2941,unterricht,instruction
2942,dachtest,thought
2943,verarschen,fool
2944,gewöhnt,used
2945,anklage,accusation
2946,tollen,great
2947,lippen,lips
2948,fett,fat
2949,lege,put
2950,feigling,coward
2951,achten,regard
2952,gary,Gary
2953,erfährt,learns
2954,gewohnt,used
2955,jessica,Jessica
2956,äußerst,extremely
2957,einladen,invite
2958,käse,cheese
2959,aufwachen,wake up
2960,verfügung,disposal
2961,uniform,uniform
2962,zusehen,watch
2963,board.tvuser.de,board.tvuser.de
2964,gesundheit,health
2965,abenteuer,adventure
2966,hosen,pants
2967,kurze,short
2968,scheck,check
2969,täglich,daily
2970,fresse,face
2971,übernehme,take over
2972,wiederholen,repeat
2973,bestellen,order
2974,freiwillig,voluntarily
2975,cole,Cole
2976,universum,universe
2977,zeuge,witness
2978,west,west
2979,marshall,Marshall
2980,fähig,capable
2981,revier,territory
2982,reifen,tires
2983,mum,mom
2984,führe,lead
2985,durchgemacht,gone through
2986,tests,tests
2987,führte,led
2988,schenken,give
2989,schädel,skull
2990,realität,reality
2991,april,April
2992,albern,silly
2993,brav,well-behaved
2994,schwerer,heavier
2995,jagd,hunting
2996,versagt,failed
2997,truck,truck
